ekg,answer_valence,answer_arousal
523,1.6366198730468762,4.312166748046875
524,,
524,,
524,,
524,,
525,,
526,,
525,,
526,,
525,,
524,,
525,,
525,,
526,,
526,,
525,,
525,,
523,,
524,,
523,,
522,,
523,,
523,,
523,,
524,,
524,,
524,,
524,,
524,,
524,,
524,,
525,,
524,,
524,,
524,,
523,,
523,,
522,,
523,,
522,,
522,,
523,,
523,,
523,,
522,,
522,,
523,,
523,,
523,,
523,,
523,,
524,,
523,,
523,,
523,,
523,,
523,,
523,,
523,,
524,,
524,,
524,,
524,,
524,,
524,,
524,,
524,,
524,,
524,,
524,,
524,,
525,,
525,,
524,,
524,,
523,,
523,,
523,,
522,,
522,,
521,,
521,,
523,,
523,,
524,,
523,,
523,,
522,,
521,,
522,,
521,,
522,,
521,,
520,,
521,,
521,,
521,,
520,,
521,,
520,,
520,,
522,,
522,,
524,,
524,,
524,,
524,,
524,,
524,,
524,,
524,,
524,,
524,,
524,,
525,,
525,,
525,,
525,,
524,,
524,,
524,,
524,,
523,,
522,,
522,,
522,,
520,,
520,,
521,,
523,,
523,,
523,,
522,,
521,,
521,,
521,,
522,,
522,,
522,,
522,,
522,,
522,,
522,,
523,,
523,,
522,,
521,,
519,,
519,,
519,,
519,,
519,,
519,,
520,,
520,,
521,,
520,,
519,,
519,,
519,,
518,,
519,,
518,,
518,,
519,,
518,,
518,,
519,,
519,,
520,,
521,,
519,,
519,,
520,,
519,,
519,,
519,,
519,,
519,,
519,,
519,,
520,,
519,,
518,,
518,,
518,,
517,,
517,,
517,,
518,,
518,,
518,,
518,,
518,,
518,,
518,,
518,,
518,,
518,,
519,,
518,,
518,,
518,,
518,,
518,,
517,,
517,,
517,,
518,,
518,,
517,,
516,,
515,,
515,,
515,,
515,,
515,,
515,,
515,,
516,,
517,,
518,,
519,,
521,,
524,,
524,,
525,,
526,,
526,,
528,,
528,,
529,,
530,,
531,,
532,,
533,,
535,,
536,,
538,,
541,,
543,,
546,,
549,,
551,,
553,,
554,,
555,,
556,,
556,,
557,,
556,,
556,,
554,,
553,,
552,,
551,,
549,,
548,,
547,,
547,,
547,,
549,,
550,,
551,,
552,,
554,,
555,,
553,,
551,,
551,,
549,,
547,,
545,,
544,,
542,,
539,,
536,,
535,,
533,,
533,,
532,,
532,,
532,,
531,,
531,,
529,,
528,,
526,,
524,,
523,,
521,,
519,,
518,,
518,,
516,,
516,,
516,,
516,,
516,,
515,,
513,,
510,,
506,,
504,,
501,,
499,,
497,,
496,,
495,,
496,,
495,,
495,,
494,,
493,,
492,,
491,,
491,,
489,,
489,,
488,,
487,,
488,,
489,,
490,,
490,,
491,,
491,,
491,,
491,,
490,,
489,,
489,,
489,,
489,,
489,,
488,,
489,,
488,,
488,,
488,,
488,,
488,,
489,,
489,,
489,,
488,,
489,,
489,,
491,,
491,,
492,,
492,,
493,,
493,,
493,,
493,,
494,,
494,,
494,,
495,,
495,,
496,,
497,,
497,,
498,,
499,,
499,,
497,,
496,,
494,,
492,,
491,,
488,,
484,,
481,,
479,,
480,,
481,,
485,,
487,,
489,,
493,,
497,,
503,,
512,,
524,,
540,,
560,,
581,,
606,,
631,,
658,,
687,,
716,,
747,,
779,,
813,,
847,,
882,,
916,,
947,,
971,,
990,,
1007,,
1018,,
1021,,
1017,,
987,,
948,,
906,,
865,,
824,,
780,,
728,,
675,,
629,,
586,,
545,,
508,,
472,,
438,,
403,,
367,,
335,,
308,,
291,,
281,,
277,,
279,,
284,,
292,,
301,,
310,,
319,,
327,,
337,,
348,,
358,,
366,,
375,,
383,,
391,,
397,,
403,,
408,,
414,,
419,,
423,,
428,,
433,,
436,,
439,,
443,,
445,,
448,,
449,,
451,,
452,,
454,,
455,,
455,,
456,,
458,,
459,,
460,,
461,,
462,,
463,,
463,,
464,,
465,,
465,,
466,,
467,,
467,,
469,,
469,,
470,,
471,,
472,,
473,,
474,,
475,,
475,,
476,,
477,,
478,,
480,,
481,,
482,,
483,,
483,,
484,,
484,,
486,,
487,,
487,,
487,,
488,,
489,,
490,,
491,,
492,,
493,,
493,,
494,,
495,,
495,,
495,,
497,,
497,,
497,,
498,,
498,,
499,,
500,,
500,,
501,,
501,,
501,,
502,,
503,,
504,,
504,,
505,,
506,,
507,,
508,,
508,,
510,,
510,,
511,,
512,,
512,,
513,,
513,,
514,,
515,,
515,,
516,,
516,,
517,,
518,,
519,,
520,,
520,,
522,,
524,,
524,,
525,,
526,,
527,,
528,,
528,,
529,,
529,,
531,,
532,,
532,,
533,,
534,,
535,,
536,,
536,,
537,,
537,,
538,,
539,,
540,,
541,,
543,,
544,,
546,,
547,,
550,,
551,,
552,,
553,,
554,,
555,,
556,,
558,,
560,,
561,,
562,,
563,,
563,,
564,,
565,,
567,,
567,,
568,,
569,,
571,,
573,,
574,,
576,,
577,,
578,,
580,,
583,,
584,,
586,,
587,,
589,,
590,,
591,,
592,,
593,,
595,,
595,,
596,,
598,,
600,,
601,,
602,,
603,,
604,,
605,,
606,,
606,,
608,,
609,,
609,,
610,,
611,,
611,,
612,,
613,,
613,,
613,,
613,,
612,,
612,,
612,,
611,,
611,,
611,,
611,,
611,,
611,,
610,,
610,,
609,,
609,,
609,,
609,,
608,,
608,,
607,,
606,,
605,,
604,,
603,,
602,,
601,,
600,,
598,,
595,,
593,,
591,,
588,,
583,,
578,,
575,,
571,,
567,,
562,,
558,,
553,,
548,,
544,,
540,,
536,,
532,,
527,,
522,,
518,,
511,,
507,,
502,,
497,,
493,,
488,,
482,,
477,,
472,,
467,,
462,,
457,,
452,,
447,,
443,,
439,,
435,,
431,,
427,,
423,,
420,,
417,,
413,,
411,,
408,,
405,,
402,,
399,,
398,,
396,,
394,,
392,,
390,,
390,,
389,,
388,,
387,,
387,,
385,,
385,,
384,,
384,,
384,,
384,,
384,,
383,,
383,,
384,,
384,,
384,,
385,,
385,,
385,,
387,,
387,,
387,,
387,,
387,,
388,,
388,,
390,,
391,,
391,,
393,,
394,,
395,,
396,,
398,,
399,,
399,,
401,,
402,,
403,,
405,,
405,,
407,,
408,,
410,,
412,,
413,,
414,,
416,,
419,,
421,,
424,,
426,,
428,,
430,,
431,,
432,,
433,,
433,,
434,,
435,,
435,,
436,,
436,,
438,,
439,,
440,,
441,,
441,,
442,,
443,,
443,,
446,,
447,,
448,,
449,,
449,,
451,,
451,,
451,,
453,,
454,,
455,,
455,,
456,,
457,,
458,,
458,,
460,,
460,,
461,,
461,,
462,,
463,,
463,,
464,,
465,,
466,,
467,,
468,,
469,,
470,,
470,,
471,,
472,,
473,,
473,,
474,,
474,,
474,,
474,,
474,,
474,,
474,,
474,,
475,,
476,,
477,,
478,,
478,,
479,,
479,,
480,,
480,,
480,,
481,,
483,,
483,,
483,,
483,,
484,,
484,,
485,,
486,,
487,,
487,,
489,,
490,,
490,,
490,,
490,,
491,,
492,,
493,,
493,,
493,,
493,,
493,,
493,,
494,,
495,,
495,,
495,,
496,,
495,,
496,,
496,,
497,,
499,,
499,,
498,,
499,,
499,,
499,,
500,,
499,,
501,,
501,,
500,,
499,,
499,,
498,,
497,,
497,,
497,,
498,,
500,,
502,,
503,,
503,,
504,,
505,,
505,,
506,,
506,,
506,,
506,,
506,,
507,,
508,,
508,,
507,,
508,,
508,,
507,,
507,,
508,,
508,,
508,,
507,,
507,,
507,,
507,,
507,,
507,,
507,,
507,,
507,,
506,,
506,,
505,,
505,,
505,,
505,,
504,,
504,,
505,,
506,,
506,,
507,,
507,,
507,,
507,,
508,,
508,,
510,,
510,,
509,,
509,,
509,,
510,,
511,,
511,,
512,,
512,,
512,,
512,,
512,,
512,,
513,,
514,,
514,,
514,,
514,,
514,,
515,,
515,,
515,,
515,,
515,,
515,,
515,,
515,,
515,,
516,,
515,,
515,,
515,,
515,,
514,,
514,,
514,,
514,,
515,,
515,,
514,,
513,,
511,,
511,,
511,,
512,,
512,,
513,,
515,,
516,,
517,,
518,,
519,,
520,,
520,,
521,,
521,,
519,,
520,,
520,,
520,,
520,,
520,,
520,,
520,,
519,,
519,,
519,,
519,,
519,,
517,,
517,,
517,,
517,,
518,,
519,,
519,,
519,,
519,,
519,,
519,,
520,,
519,,
518,,
519,,
519,,
519,,
520,,
520,,
519,,
519,,
520,,
520,,
520,,
520,,
520,,
520,,
520,,
520,,
520,,
521,,
521,,
520,,
520,,
520,,
519,,
519,,
519,,
519,,
519,,
518,,
519,,
518,,
517,,
517,,
517,,
517,,
518,,
518,,
519,,
519,,
519,,
519,,
519,,
519,,
519,,
519,,
518,,
518,,
518,,
519,,
519,,
519,,
519,,
520,,
520,,
520,,
519,,
519,,
518,,
519,,
519,,
518,,
518,,
518,,
518,,
517,,
518,,
518,,
518,,
518,,
519,,
519,,
520,,
519,,
519,,
519,,
520,,
520,,
520,,
521,,
522,,
522,,
523,,
522,,
524,,
524,,
523,,
522,,
523,,
523,,
523,,
523,,
523,,
523,,
523,,
522,,
521,,
519,,
519,,
519,,
519,,
519,,
519,,
521,,
522,,
522,,
522,,
521,,
520,,
519,,
519,,
520,,
519,,
519,,
518,,
516,,
517,,
517,,
519,,
519,,
519,,
520,,
521,,
523,,
523,,
523,,
524,,
525,,
526,,
528,,
529,,
530,,
531,,
532,,
533,,
534,,
536,,
537,,
538,,
540,,
542,,
543,,
545,,
548,,
550,,
553,,
556,,
560,,
562,,
563,,
563,,
562,,
561,,
560,,
558,,
556,,
552,,
551,,
551,,
551,,
551,,
552,,
552,,
553,,
553,,
554,,
555,,
556,,
554,,
553,,
552,,
551,,
550,,
547,,
545,,
543,,
542,,
540,,
538,,
536,,
534,,
533,,
533,,
532,,
532,,
531,,
530,,
528,,
527,,
526,,
526,,
524,,
521,,
519,,
519,,
518,,
517,,
516,,
516,,
516,,
513,,
511,,
508,,
504,,
504,,
503,,
502,,
499,,
497,,
497,,
497,,
496,,
495,,
496,,
496,,
494,,
493,,
492,,
491,,
489,,
487,,
487,,
487,,
487,,
487,,
487,,
486,,
486,,
486,,
485,,
485,,
485,,
485,,
486,,
486,,
486,,
487,,
487,,
487,,
487,,
488,,
488,,
488,,
488,,
488,,
489,,
492,,
493,,
493,,
492,,
492,,
493,,
494,,
494,,
495,,
496,,
496,,
496,,
494,,
495,,
496,,
495,,
495,,
495,,
495,,
496,,
496,,
496,,
495,,
494,,
491,,
488,,
485,,
481,,
479,,
476,,
475,,
475,,
478,,
480,,
483,,
486,,
488,,
492,,
497,,
505,,
516,,
530,,
548,,
570,,
595,,
622,,
649,,
679,,
709,,
740,,
772,,
805,,
840,,
876,,
912,,
941,,
963,,
984,,
1001,,
1015,,
1020,,
1010,,
978,,
938,,
897,,
858,,
819,,
774,,
722,,
671,,
625,,
585,,
546,,
511,,
479,,
447,,
415,,
381,,
351,,
327,,
309,,
297,,
290,,
287,,
289,,
294,,
301,,
310,,
317,,
325,,
333,,
342,,
350,,
359,,
367,,
374,,
380,,
387,,
392,,
398,,
403,,
409,,
415,,
421,,
427,,
432,,
437,,
441,,
444,,
447,,
450,,
452,,
455,,
457,,
459,,
462,,
463,,
464,,
465,,
465,,
467,,
469,,
470,,
472,,
472,,
473,,
474,,
475,,
475,,
475,,
475,,
476,,
476,,
476,,
477,,
478,,
479,,
480,,
482,,
482,,
482,,
483,,
483,,
483,,
484,,
485,,
487,,
488,,
489,,
490,,
492,,
493,,
494,,
496,,
496,,
496,,
496,,
497,,
498,,
499,,
499,,
500,,
500,,
501,,
502,,
503,,
504,,
504,,
505,,
507,,
508,,
508,,
508,,
508,,
510,,
510,,
510,,
510,,
510,,
511,,
512,,
512,,
512,,
514,,
515,,
515,,
515,,
515,,
515,,
515,,
516,,
516,,
517,,
517,,
519,,
521,,
522,,
523,,
524,,
524,,
526,,
526,,
527,,
528,,
529,,
530,,
530,,
530,,
531,,
531,,
532,,
534,,
534,,
536,,
536,,
537,,
538,,
539,,
540,,
542,,
543,,
543,,
544,,
546,,
547,,
548,,
548,,
548,,
548,,
549,,
550,,
551,,
552,,
554,,
555,,
556,,
556,,
557,,
558,,
558,,
559,,
561,,
562,,
564,,
565,,
567,,
568,,
568,,
571,,
572,,
574,,
575,,
575,,
577,,
579,,
581,,
583,,
585,,
588,,
591,,
592,,
593,,
595,,
596,,
599,,
601,,
602,,
604,,
605,,
605,,
606,,
608,,
608,,
610,,
611,,
612,,
612,,
613,,
614,,
615,,
615,,
616,,
617,,
617,,
617,,
618,,
620,,
619,,
618,,
618,,
617,,
617,,
616,,
616,,
615,,
614,,
614,,
614,,
613,,
612,,
612,,
612,,
611,,
609,,
610,,
609,,
608,,
608,,
607,,
607,,
605,,
603,,
600,,
598,,
594,,
591,,
588,,
584,,
581,,
577,,
572,,
568,,
562,,
557,,
552,,
547,,
543,,
538,,
533,,
528,,
523,,
518,,
513,,
508,,
502,,
496,,
492,,
487,,
482,,
476,,
471,,
466,,
461,,
455,,
450,,
446,,
442,,
438,,
433,,
429,,
425,,
423,,
420,,
417,,
415,,
411,,
408,,
405,,
403,,
401,,
400,,
399,,
397,,
396,,
394,,
392,,
391,,
390,,
389,,
388,,
387,,
385,,
384,,
383,,
383,,
383,,
383,,
382,,
382,,
382,,
382,,
383,,
383,,
384,,
385,,
385,,
386,,
387,,
387,,
388,,
389,,
391,,
393,,
395,,
396,,
397,,
398,,
399,,
400,,
401,,
402,,
403,,
405,,
407,,
408,,
409,,
411,,
411,,
411,,
412,,
414,,
415,,
416,,
417,,
417,,
417,,
418,,
420,,
422,,
423,,
424,,
425,,
426,,
428,,
428,,
430,,
431,,
432,,
433,,
435,,
437,,
438,,
440,,
442,,
443,,
444,,
445,,
446,,
448,,
449,,
450,,
451,,
451,,
452,,
453,,
454,,
454,,
454,,
455,,
456,,
457,,
458,,
459,,
460,,
460,,
461,,
462,,
462,,
463,,
465,,
464,,
464,,
465,,
466,,
467,,
468,,
470,,
472,,
473,,
473,,
473,,
474,,
475,,
475,,
475,,
476,,
476,,
476,,
477,,
478,,
479,,
480,,
481,,
482,,
482,,
483,,
484,,
484,,
484,,
485,,
485,,
485,,
485,,
486,,
486,,
486,,
485,,
486,,
487,,
488,,
488,,
488,,
488,,
488,,
489,,
490,,
491,,
491,,
491,,
492,,
492,,
493,,
493,,
494,,
494,,
493,,
492,,
494,,
494,,
495,,
496,,
497,,
497,,
498,,
499,,
499,,
499,,
498,,
499,,
498,,
497,,
498,,
499,,
502,,
504,,
506,,
508,,
509,,
510,,
511,,
511,,
511,,
510,,
510,,
510,,
510,,
511,,
511,,
511,,
510,,
510,,
510,,
510,,
510,,
509,,
509,,
508,,
509,,
509,,
509,,
510,,
510,,
511,,
511,,
511,,
511,,
510,,
510,,
510,,
510,,
511,,
511,,
511,,
511,,
511,,
510,,
511,,
511,,
511,,
512,,
511,,
511,,
511,,
511,,
510,,
511,,
512,,
512,,
512,,
512,,
512,,
513,,
513,,
513,,
512,,
511,,
511,,
511,,
511,,
512,,
512,,
512,,
512,,
512,,
513,,
512,,
512,,
511,,
513,,
514,,
513,,
513,,
514,,
513,,
513,,
513,,
512,,
513,,
515,,
515,,
516,,
516,,
515,,
515,,
515,,
514,,
514,,
514,,
513,,
513,,
513,,
512,,
512,,
513,,
513,,
513,,
514,,
514,,
515,,
516,,
516,,
515,,
515,,
515,,
515,,
517,,
518,,
518,,
519,,
519,,
519,,
518,,
517,,
516,,
517,,
517,,
517,,
517,,
517,,
515,,
515,,
515,,
514,,
513,,
513,,
515,,
515,,
516,,
516,,
516,,
517,,
518,,
519,,
519,,
519,,
519,,
520,,
521,,
523,,
523,,
525,,
527,,
529,,
531,,
531,,
532,,
534,,
535,,
536,,
538,,
541,,
543,,
544,,
547,,
548,,
548,,
550,,
550,,
551,,
554,,
556,,
559,,
561,,
563,,
562,,
562,,
561,,
560,,
559,,
555,,
553,,
553,,
552,,
552,,
553,,
554,,
555,,
556,,
558,,
559,,
560,,
560,,
560,,
559,,
557,,
556,,
555,,
552,,
550,,
547,,
545,,
543,,
542,,
540,,
539,,
538,,
537,,
536,,
536,,
534,,
532,,
530,,
527,,
526,,
524,,
523,,
523,,
522,,
521,,
520,,
519,,
517,,
516,,
513,,
511,,
508,,
505,,
503,,
502,,
501,,
500,,
500,,
500,,
501,,
500,,
499,,
499,,
498,,
497,,
496,,
495,,
496,,
495,,
493,,
492,,
492,,
491,,
491,,
491,,
491,,
491,,
489,,
487,,
487,,
488,,
488,,
487,,
488,,
489,,
489,,
490,,
490,,
488,,
488,,
487,,
488,,
487,,
488,,
489,,
489,,
490,,
491,,
492,,
492,,
493,,
494,,
495,,
494,,
494,,
495,,
496,,
496,,
496,,
495,,
495,,
496,,
497,,
496,,
496,,
496,,
495,,
495,,
493,,
490,,
487,,
485,,
481,,
479,,
476,,
475,,
473,,
475,,
478,,
481,,
483,,
487,,
491,,
496,,
502,,
508,,
519,,
533,,
551,,
573,,
598,,
624,,
652,,
683,,
714,,
747,,
780,,
815,,
849,,
887,,
922,,
953,,
977,,
998,,
1016,,
1022,,
1022,,
1021,,
986,,
946,,
903,,
860,,
818,,
769,,
717,,
666,,
622,,
582,,
546,,
512,,
481,,
449,,
416,,
384,,
353,,
326,,
307,,
292,,
282,,
277,,
275,,
277,,
282,,
290,,
298,,
306,,
315,,
323,,
333,,
343,,
352,,
362,,
370,,
377,,
384,,
391,,
398,,
403,,
409,,
415,,
420,,
426,,
431,,
435,,
439,,
443,,
447,,
449,,
451,,
453,,
454,,
454,,
455,,
455,,
456,,
457,,
460,,
461,,
461,,
463,,
465,,
466,,
466,,
466,,
467,,
468,,
470,,
471,,
472,,
474,,
476,,
476,,
477,,
478,,
478,,
479,,
480,,
480,,
480,,
481,,
483,,
483,,
483,,
483,,
484,,
485,,
486,,
486,,
487,,
486,,
487,,
487,,
487,,
487,,
489,,
491,,
492,,
493,,
492,,
493,,
494,,
495,,
496,,
496,,
496,,
496,,
497,,
498,,
498,,
499,,
500,,
501,,
501,,
502,,
503,,
504,,
505,,
505,,
506,,
507,,
509,,
511,,
512,,
513,,
515,,
515,,
515,,
514,,
515,,
515,,
515,,
516,,
516,,
517,,
518,,
518,,
519,,
520,,
520,,
523,,
524,,
524,,
525,,
527,,
527,,
529,,
529,,
530,,
531,,
533,,
535,,
535,,
536,,
537,,
537,,
538,,
539,,
540,,
541,,
542,,
543,,
543,,
544,,
545,,
546,,
547,,
549,,
551,,
552,,
554,,
556,,
558,,
560,,
561,,
564,,
564,,
566,,
568,,
569,,
570,,
572,,
574,,
575,,
576,,
579,,
580,,
582,,
583,,
583,,
585,,
588,,
589,,
591,,
592,,
593,,
595,,
597,,
599,,
600,,
602,,
604,,
605,,
607,,
608,,
609,,
611,,
611,,
612,,
613,,
614,,
615,,
616,,
616,,
617,,
619,,
619,,
620,,
621,,
620,,
620,,
620,,
621,,
621,,
620,,
621,,
622,,
622,,
621,,
620,,
619,,
617,,
617,,
616,,
615,,
615,,
615,,
614,,
614,,
613,,
612,,
611,,
609,,
608,,
606,,
603,,
599,,
596,,
593,,
591,,
590,,
587,,
584,,
580,,
576,,
573,,
568,,
563,,
559,,
554,,
550,,
544,,
540,,
534,,
530,,
525,,
519,,
513,,
509,,
505,,
502,,
496,,
491,,
486,,
480,,
475,,
470,,
465,,
461,,
456,,
452,,
448,,
444,,
440,,
435,,
431,,
427,,
423,,
419,,
416,,
414,,
412,,
409,,
407,,
405,,
402,,
400,,
398,,
395,,
394,,
393,,
391,,
391,,
389,,
389,,
389,,
389,,
389,,
389,,
388,,
388,,
388,,
388,,
389,,
389,,
389,,
390,,
390,,
391,,
392,,
393,,
393,,
395,,
396,,
397,,
399,,
399,,
400,,
401,,
402,,
405,,
406,,
407,,
408,,
409,,
411,,
412,,
414,,
415,,
416,,
417,,
418,,
419,,
419,,
419,,
421,,
422,,
423,,
425,,
427,,
429,,
430,,
430,,
431,,
432,,
432,,
433,,
434,,
434,,
436,,
436,,
437,,
437,,
439,,
440,,
441,,
442,,
444,,
446,,
448,,
450,,
451,,
451,,
453,,
453,,
454,,
455,,
455,,
457,,
457,,
458,,
459,,
460,,
461,,
462,,
463,,
465,,
467,,
468,,
470,,
471,,
471,,
472,,
473,,
473,,
474,,
475,,
476,,
478,,
480,,
481,,
482,,
483,,
484,,
484,,
485,,
485,,
486,,
485,,
485,,
486,,
487,,
488,,
489,,
489,,
489,,
489,,
491,,
492,,
492,,
493,,
493,,
493,,
494,,
496,,
497,,
497,,
497,,
497,,
498,,
499,,
499,,
499,,
501,,
502,,
503,,
503,,
504,,
504,,
504,,
505,,
505,,
506,,
506,,
507,,
507,,
507,,
507,,
508,,
508,,
508,,
509,,
508,,
509,,
510,,
510,,
510,,
510,,
509,,
509,,
509,,
509,,
510,,
510,,
510,,
510,,
511,,
511,,
511,,
512,,
512,,
512,,
512,,
512,,
511,,
511,,
510,,
510,,
511,,
511,,
510,,
509,,
510,,
511,,
512,,
512,,
512,,
513,,
513,,
513,,
513,,
512,,
513,,
513,,
514,,
515,,
515,,
515,,
515,,
515,,
515,,
515,,
515,,
515,,
515,,
515,,
515,,
515,,
515,,
515,,
516,,
515,,
514,,
513,,
514,,
514,,
515,,
515,,
515,,
515,,
515,,
515,,
515,,
515,,
515,,
515,,
514,,
515,,
514,,
515,,
515,,
515,,
514,,
514,,
513,,
513,,
515,,
516,,
516,,
516,,
518,,
517,,
517,,
517,,
516,,
517,,
516,,
517,,
518,,
518,,
517,,
517,,
517,,
518,,
519,,
519,,
519,,
518,,
518,,
517,,
516,,
516,,
517,,
518,,
518,,
518,,
519,,
519,,
520,,
520,,
519,,
519,,
519,,
520,,
521,,
521,,
522,,
523,,
522,,
521,,
522,,
523,,
524,,
524,,
524,,
527,,
528,,
530,,
532,,
533,,
535,,
536,,
538,,
540,,
543,,
545,,
549,,
551,,
553,,
554,,
555,,
555,,
556,,
558,,
558,,
560,,
562,,
565,,
567,,
567,,
568,,
568,,
567,,
567,,
564,,
562,,
560,,
559,,
559,,
560,,
561,,
563,,
565,,
567,,
567,,
568,,
568,,
568,,
568,,
568,,
566,,
563,,
561,,
560,,
558,,
556,,
554,,
552,,
551,,
549,,
548,,
547,,
547,,
546,,
545,,
543,,
542,,
538,,
535,,
533,,
531,,
530,,
528,,
527,,
527,,
527,,
526,,
525,,
523,,
520,,
517,,
514,,
512,,
510,,
508,,
508,,
507,,
507,,
507,,
506,,
505,,
504,,
503,,
502,,
501,,
500,,
499,,
499,,
500,,
497,,
497,,
496,,
496,,
496,,
495,,
494,,
494,,
495,,
494,,
494,,
493,,
492,,
492,,
491,,
491,,
492,,
493,,
493,,
493,,
492,,
493,,
494,,
494,,
494,,
494,,
495,,
496,,
496,,
496,,
496,,
498,,
499,,
499,,
500,,
501,,
502,,
503,,
503,,
503,,
503,,
504,,
504,,
504,,
504,,
505,,
505,,
504,,
503,,
500,,
498,,
495,,
492,,
489,,
486,,
483,,
480,,
481,,
482,,
486,,
490,,
495,,
498,,
503,,
509,,
516,,
527,,
543,,
562,,
583,,
608,,
635,,
661,,
691,,
721,,
753,,
785,,
816,,
851,,
886,,
920,,
951,,
977,,
998,,
1016,,
1022,,
1022,,
1021,,
999,,
956,,
913,,
870,,
827,,
782,,
728,,
675,,
626,,
582,,
540,,
503,,
468,,
435,,
402,,
368,,
336,,
311,,
294,,
285,,
280,,
282,,
288,,
295,,
304,,
313,,
323,,
333,,
342,,
352,,
359,,
367,,
375,,
383,,
391,,
398,,
404,,
410,,
415,,
420,,
425,,
430,,
434,,
439,,
442,,
445,,
448,,
451,,
454,,
455,,
456,,
457,,
458,,
459,,
459,,
462,,
463,,
464,,
465,,
466,,
466,,
466,,
467,,
467,,
468,,
469,,
470,,
471,,
471,,
473,,
473,,
474,,
475,,
475,,
476,,
478,,
480,,
480,,
481,,
482,,
483,,
483,,
484,,
485,,
486,,
487,,
487,,
489,,
489,,
489,,
490,,
491,,
492,,
493,,
494,,
496,,
497,,
498,,
499,,
499,,
499,,
500,,
500,,
501,,
502,,
502,,
502,,
502,,
503,,
504,,
506,,
507,,
509,,
510,,
511,,
512,,
512,,
513,,
513,,
514,,
514,,
514,,
516,,
517,,
518,,
519,,
519,,
519,,
519,,
520,,
521,,
521,,
523,,
524,,
524,,
525,,
527,,
528,,
528,,
529,,
529,,
530,,
531,,
532,,
532,,
534,,
535,,
536,,
536,,
537,,
538,,
539,,
539,,
539,,
541,,
542,,
544,,
545,,
546,,
546,,
547,,
548,,
549,,
550,,
550,,
551,,
551,,
552,,
552,,
553,,
554,,
555,,
555,,
556,,
558,,
560,,
562,,
563,,
566,,
567,,
568,,
568,,
569,,
571,,
572,,
574,,
575,,
576,,
579,,
579,,
580,,
581,,
583,,
585,,
587,,
590,,
591,,
593,,
595,,
597,,
599,,
600,,
602,,
604,,
606,,
608,,
608,,
609,,
610,,
611,,
612,,
613,,
614,,
614,,
615,,
615,,
616,,
616,,
617,,
617,,
618,,
619,,
619,,
620,,
620,,
620,,
619,,
619,,
619,,
619,,
619,,
619,,
619,,
618,,
617,,
616,,
615,,
615,,
615,,
615,,
613,,
612,,
610,,
609,,
607,,
606,,
603,,
601,,
599,,
595,,
593,,
590,,
586,,
583,,
579,,
575,,
572,,
567,,
563,,
559,,
555,,
550,,
545,,
540,,
535,,
529,,
524,,
519,,
513,,
508,,
503,,
498,,
493,,
487,,
482,,
476,,
470,,
464,,
460,,
455,,
449,,
446,,
441,,
437,,
434,,
431,,
427,,
422,,
418,,
415,,
413,,
411,,
408,,
405,,
403,,
400,,
397,,
394,,
393,,
391,,
390,,
389,,
389,,
389,,
388,,
387,,
387,,
385,,
386,,
386,,
385,,
385,,
387,,
387,,
388,,
389,,
389,,
390,,
390,,
390,,
390,,
390,,
391,,
393,,
394,,
395,,
396,,
397,,
398,,
399,,
399,,
400,,
402,,
403,,
405,,
407,,
408,,
408,,
409,,
410,,
411,,
412,,
413,,
415,,
417,,
418,,
419,,
420,,
421,,
422,,
422,,
423,,
424,,
426,,
427,,
427,,
428,,
428,,
429,,
430,,
431,,
432,,
433,,
434,,
435,,
436,,
437,,
439,,
440,,
442,,
443,,
444,,
445,,
446,,
447,,
448,,
449,,
450,,
451,,
451,,
452,,
452,,
454,,
455,,
456,,
456,,
458,,
459,,
460,,
461,,
462,,
463,,
463,,
464,,
464,,
465,,
466,,
466,,
467,,
468,,
468,,
468,,
469,,
470,,
470,,
471,,
471,,
472,,
472,,
473,,
474,,
474,,
475,,
476,,
476,,
477,,
478,,
480,,
481,,
483,,
483,,
484,,
484,,
484,,
485,,
485,,
486,,
486,,
486,,
487,,
487,,
488,,
488,,
489,,
490,,
491,,
493,,
494,,
494,,
494,,
495,,
496,,
496,,
496,,
497,,
496,,
495,,
496,,
496,,
496,,
496,,
496,,
497,,
498,,
497,,
497,,
497,,
498,,
498,,
498,,
498,,
499,,
499,,
499,,
499,,
500,,
501,,
502,,
503,,
503,,
504,,
504,,
505,,
506,,
507,,
508,,
508,,
509,,
509,,
510,,
510,,
510,,
510,,
510,,
511,,
511,,
511,,
511,,
512,,
512,,
513,,
514,,
514,,
515,,
514,,
514,,
514,,
514,,
514,,
514,,
514,,
513,,
513,,
513,,
512,,
511,,
511,,
512,,
512,,
513,,
513,,
514,,
513,,
513,,
512,,
512,,
512,,
512,,
512,,
513,,
514,,
515,,
515,,
515,,
515,,
516,,
516,,
516,,
517,,
517,,
518,,
518,,
518,,
518,,
517,,
518,,
518,,
517,,
517,,
516,,
515,,
515,,
515,,
515,,
515,,
515,,
515,,
514,,
514,,
514,,
514,,
514,,
514,,
514,,
515,,
515,,
515,,
515,,
515,,
514,,
514,,
514,,
515,,
515,,
515,,
516,,
516,,
516,,
516,,
515,,
515,,
514,,
513,,
513,,
513,,
512,,
513,,
513,,
514,,
514,,
515,,
515,,
514,,
514,,
515,,
515,,
516,,
516,,
516,,
516,,
516,,
516,,
515,,
516,,
517,,
517,,
517,,
516,,
516,,
517,,
518,,
517,,
517,,
518,,
519,,
519,,
519,,
519,,
520,,
521,,
522,,
524,,
525,,
527,,
528,,
528,,
530,,
530,,
532,,
534,,
536,,
539,,
540,,
542,,
545,,
547,,
548,,
551,,
553,,
555,,
556,,
559,,
560,,
562,,
562,,
561,,
561,,
560,,
557,,
555,,
552,,
550,,
550,,
550,,
552,,
553,,
555,,
557,,
558,,
556,,
557,,
556,,
556,,
555,,
555,,
553,,
551,,
549,,
548,,
547,,
544,,
542,,
540,,
539,,
537,,
536,,
535,,
533,,
532,,
531,,
528,,
526,,
525,,
523,,
521,,
520,,
518,,
518,,
516,,
516,,
515,,
514,,
514,,
513,,
511,,
508,,
504,,
501,,
499,,
497,,
496,,
495,,
494,,
494,,
494,,
495,,
495,,
494,,
494,,
494,,
493,,
492,,
491,,
491,,
489,,
488,,
488,,
488,,
487,,
488,,
488,,
488,,
487,,
487,,
487,,
487,,
488,,
488,,
488,,
487,,
488,,
488,,
489,,
491,,
492,,
494,,
494,,
495,,
495,,
496,,
496,,
496,,
496,,
497,,
497,,
497,,
497,,
498,,
499,,
499,,
500,,
501,,
501,,
503,,
503,,
502,,
502,,
504,,
504,,
504,,
504,,
504,,
503,,
501,,
499,,
497,,
495,,
492,,
489,,
487,,
486,,
485,,
486,,
490,,
494,,
497,,
500,,
504,,
511,,
518,,
530,,
546,,
566,,
588,,
611,,
637,,
664,,
693,,
723,,
753,,
785,,
817,,
850,,
885,,
919,,
949,,
975,,
996,,
1013,,
1021,,
1022,,
1021,,
990,,
950,,
908,,
864,,
821,,
774,,
721,,
669,,
621,,
576,,
535,,
497,,
462,,
428,,
393,,
359,,
327,,
304,,
290,,
283,,
282,,
287,,
295,,
303,,
313,,
323,,
334,,
344,,
353,,
362,,
370,,
378,,
385,,
392,,
399,,
404,,
409,,
414,,
419,,
423,,
428,,
432,,
436,,
440,,
444,,
447,,
451,,
454,,
457,,
460,,
463,,
464,,
466,,
467,,
468,,
469,,
470,,
470,,
470,,
471,,
472,,
473,,
473,,
474,,
475,,
477,,
478,,
479,,
479,,
479,,
479,,
480,,
480,,
480,,
482,,
483,,
484,,
484,,
484,,
485,,
486,,
487,,
488,,
489,,
489,,
490,,
491,,
492,,
492,,
493,,
494,,
496,,
496,,
497,,
498,,
498,,
499,,
499,,
500,,
501,,
502,,
502,,
502,,
502,,
502,,
504,,
504,,
504,,
505,,
506,,
506,,
506,,
507,,
508,,
508,,
509,,
510,,
510,,
510,,
510,,
510,,
510,,
510,,
512,,
512,,
512,,
515,,
515,,
515,,
517,,
517,,
518,,
519,,
520,,
521,,
523,,
524,,
524,,
525,,
525,,
526,,
527,,
526,,
527,,
527,,
528,,
529,,
531,,
532,,
532,,
532,,
533,,
533,,
533,,
533,,
534,,
535,,
536,,
536,,
538,,
539,,
540,,
540,,
541,,
542,,
543,,
544,,
545,,
546,,
547,,
548,,
549,,
551,,
552,,
553,,
554,,
556,,
556,,
557,,
558,,
558,,
559,,
560,,
562,,
564,,
565,,
567,,
568,,
569,,
572,,
574,,
576,,
579,,
579,,
582,,
583,,
585,,
587,,
588,,
590,,
591,,
592,,
594,,
596,,
597,,
598,,
599,,
600,,
601,,
601,,
602,,
603,,
603,,
603,,
604,,
605,,
606,,
607,,
607,,
608,,
608,,
609,,
609,,
609,,
611,,
611,,
612,,
612,,
613,,
613,,
612,,
613,,
612,,
611,,
610,,
609,,
608,,
606,,
606,,
604,,
601,,
600,,
599,,
598,,
596,,
595,,
592,,
590,,
588,,
584,,
581,,
579,,
575,,
572,,
568,,
563,,
560,,
556,,
552,,
547,,
542,,
537,,
532,,
527,,
522,,
518,,
514,,
509,,
503,,
498,,
492,,
488,,
483,,
479,,
474,,
469,,
465,,
460,,
456,,
451,,
447,,
442,,
439,,
435,,
431,,
428,,
423,,
420,,
416,,
413,,
411,,
409,,
407,,
405,,
403,,
400,,
398,,
397,,
396,,
395,,
393,,
393,,
393,,
392,,
391,,
391,,
391,,
391,,
391,,
391,,
391,,
391,,
391,,
391,,
391,,
392,,
392,,
393,,
394,,
395,,
395,,
396,,
397,,
398,,
399,,
400,,
401,,
403,,
404,,
405,,
407,,
408,,
409,,
411,,
412,,
414,,
415,,
415,,
417,,
418,,
419,,
421,,
422,,
423,,
424,,
425,,
427,,
428,,
429,,
430,,
430,,
432,,
432,,
433,,
435,,
436,,
437,,
438,,
439,,
440,,
441,,
442,,
443,,
444,,
444,,
445,,
447,,
449,,
451,,
451,,
452,,
454,,
454,,
455,,
455,,
455,,
457,,
457,,
459,,
460,,
461,,
462,,
463,,
464,,
465,,
465,,
466,,
467,,
468,,
469,,
469,,
470,,
471,,
471,,
472,,
473,,
473,,
475,,
475,,
477,,
478,,
479,,
480,,
482,,
483,,
484,,
483,,
484,,
484,,
485,,
486,,
486,,
486,,
487,,
487,,
487,,
488,,
489,,
490,,
491,,
491,,
492,,
492,,
492,,
492,,
492,,
493,,
493,,
493,,
492,,
493,,
494,,
494,,
494,,
495,,
496,,
497,,
497,,
498,,
499,,
499,,
500,,
500,,
501,,
503,,
503,,
504,,
504,,
505,,
505,,
505,,
506,,
506,,
507,,
507,,
507,,
508,,
508,,
508,,
508,,
507,,
507,,
508,,
508,,
507,,
507,,
508,,
508,,
509,,
509,,
509,,
510,,
510,,
510,,
510,,
510,,
510,,
510,,
511,,
511,,
510,,
510,,
510,,
510,,
511,,
511,,
512,,
512,,
512,,
513,,
513,,
513,,
512,,
513,,
512,,
513,,
512,,
513,,
512,,
512,,
512,,
512,,
512,,
512,,
512,,
512,,
512,,
512,,
512,,
511,,
511,,
511,,
512,,
512,,
513,,
513,,
514,,
515,,
516,,
516,,
517,,
517,,
518,,
518,,
518,,
519,,
518,,
518,,
517,,
516,,
516,,
516,,
516,,
515,,
515,,
515,,
515,,
515,,
516,,
516,,
516,,
517,,
516,,
516,,
516,,
516,,
516,,
516,,
515,,
515,,
516,,
516,,
516,,
516,,
516,,
516,,
516,,
516,,
516,,
516,,
516,,
516,,
515,,
516,,
516,,
517,,
518,,
518,,
519,,
519,,
519,,
519,,
520,,
519,,
520,,
519,,
520,,
519,,
520,,
520,,
520,,
521,,
520,,
521,,
520,,
521,,
521,,
521,,
520,,
520,,
519,,
519,,
519,,
519,,
519,,
519,,
519,,
519,,
519,,
518,,
517,,
517,,
517,,
518,,
518,,
518,,
519,,
519,,
520,,
519,,
519,,
520,,
521,,
522,,
522,,
523,,
524,,
526,,
529,,
529,,
530,,
531,,
533,,
534,,
536,,
538,,
540,,
541,,
542,,
543,,
545,,
547,,
549,,
551,,
553,,
555,,
558,,
560,,
562,,
563,,
563,,
562,,
562,,
561,,
559,,
558,,
555,,
553,,
553,,
555,,
556,,
558,,
559,,
561,,
562,,
562,,
563,,
562,,
562,,
561,,
560,,
560,,
559,,
558,,
556,,
553,,
551,,
549,,
547,,
545,,
543,,
542,,
540,,
539,,
537,,
535,,
534,,
531,,
528,,
526,,
523,,
521,,
521,,
521,,
520,,
519,,
519,,
519,,
518,,
516,,
513,,
510,,
508,,
505,,
503,,
501,,
501,,
500,,
500,,
499,,
499,,
500,,
500,,
500,,
499,,
498,,
497,,
496,,
495,,
495,,
493,,
493,,
492,,
492,,
491,,
491,,
490,,
490,,
490,,
490,,
489,,
490,,
490,,
490,,
490,,
490,,
489,,
490,,
491,,
490,,
491,,
491,,
490,,
491,,
491,,
492,,
492,,
493,,
493,,
494,,
494,,
494,,
495,,
496,,
498,,
498,,
498,,
497,,
497,,
498,,
498,,
499,,
499,,
498,,
499,,
498,,
498,,
498,,
498,,
496,,
494,,
490,,
486,,
483,,
481,,
480,,
479,,
479,,
480,,
484,,
489,,
493,,
497,,
502,,
507,,
515,,
526,,
542,,
561,,
582,,
606,,
632,,
657,,
687,,
717,,
745,,
775,,
807,,
841,,
876,,
909,,
939,,
962,,
981,,
996,,
1008,,
1013,,
1002,,
970,,
931,,
889,,
847,,
806,,
760,,
706,,
656,,
609,,
567,,
527,,
490,,
456,,
423,,
387,,
351,,
320,,
298,,
286,,
280,,
279,,
283,,
291,,
300,,
308,,
317,,
327,,
335,,
344,,
353,,
362,,
371,,
379,,
387,,
395,,
401,,
407,,
412,,
418,,
423,,
428,,
433,,
438,,
441,,
443,,
445,,
447,,
450,,
453,,
455,,
455,,
456,,
457,,
458,,
459,,
460,,
461,,
463,,
464,,
465,,
467,,
468,,
470,,
471,,
472,,
472,,
473,,
474,,
476,,
476,,
476,,
477,,
477,,
479,,
480,,
480,,
482,,
483,,
485,,
486,,
487,,
487,,
487,,
488,,
488,,
489,,
488,,
488,,
490,,
490,,
490,,
491,,
491,,
492,,
492,,
493,,
494,,
495,,
495,,
496,,
496,,
498,,
499,,
500,,
501,,
503,,
504,,
504,,
505,,
506,,
506,,
507,,
509,,
510,,
510,,
511,,
512,,
512,,
512,,
513,,
514,,
514,,
514,,
515,,
515,,
516,,
517,,
518,,
518,,
520,,
521,,
521,,
521,,
522,,
522,,
523,,
523,,
524,,
526,,
526,,
527,,
527,,
528,,
530,,
530,,
531,,
532,,
532,,
533,,
535,,
535,,
536,,
536,,
537,,
539,,
540,,
543,,
544,,
545,,
545,,
545,,
546,,
547,,
547,,
548,,
549,,
550,,
551,,
551,,
553,,
554,,
555,,
556,,
556,,
556,,
558,,
559,,
560,,
563,,
564,,
566,,
568,,
568,,
571,,
572,,
573,,
573,,
575,,
578,,
579,,
581,,
582,,
583,,
584,,
584,,
585,,
586,,
588,,
590,,
591,,
593,,
595,,
596,,
597,,
598,,
599,,
600,,
600,,
601,,
602,,
603,,
605,,
606,,
607,,
607,,
608,,
608,,
608,,
607,,
608,,
608,,
609,,
608,,
609,,
610,,
610,,
608,,
608,,
608,,
608,,
607,,
607,,
606,,
606,,
606,,
606,,
606,,
605,,
605,,
604,,
602,,
600,,
600,,
599,,
596,,
594,,
591,,
589,,
586,,
583,,
581,,
577,,
575,,
572,,
568,,
564,,
560,,
556,,
552,,
549,,
545,,
541,,
537,,
533,,
528,,
522,,
517,,
511,,
507,,
500,,
494,,
488,,
483,,
477,,
472,,
467,,
463,,
459,,
454,,
450,,
446,,
442,,
438,,
433,,
429,,
425,,
423,,
419,,
416,,
412,,
408,,
406,,
403,,
401,,
399,,
398,,
396,,
395,,
394,,
394,,
394,,
393,,
391,,
390,,
388,,
387,,
387,,
388,,
387,,
388,,
387,,
387,,
387,,
387,,
387,,
388,,
388,,
389,,
390,,
390,,
390,,
391,,
392,,
393,,
393,,
394,,
395,,
396,,
396,,
397,,
398,,
399,,
400,,
403,,
404,,
405,,
407,,
407,,
408,,
408,,
410,,
412,,
412,,
415,,
417,,
420,,
423,,
424,,
425,,
427,,
428,,
430,,
431,,
432,,
433,,
434,,
434,,
435,,
435,,
436,,
436,,
438,,
440,,
442,,
444,,
446,,
448,,
449,,
451,,
452,,
455,,
456,,
456,,
457,,
457,,
457,,
457,,
456,,
458,,
459,,
459,,
459,,
459,,
460,,
462,,
463,,
465,,
466,,
469,,
470,,
471,,
472,,
472,,
473,,
474,,
476,,
478,,
478,,
477,,
477,,
477,,
478,,
478,,
477,,
477,,
478,,
479,,
481,,
483,,
483,,
483,,
484,,
485,,
486,,
487,,
486,,
486,,
486,,
486,,
486,,
487,,
487,,
487,,
488,,
488,,
488,,
487,,
488,,
489,,
490,,
490,,
491,,
492,,
494,,
496,,
496,,
496,,
496,,
497,,
498,,
498,,
497,,
497,,
498,,
499,,
500,,
499,,
499,,
500,,
500,,
501,,
502,,
501,,
502,,
502,,
504,,
504,,
505,,
505,,
504,,
503,,
502,,
502,,
501,,
499,,
500,,
500,,
500,,
501,,
502,,
502,,
501,,
501,,
501,,
502,,
502,,
503,,
503,,
504,,
505,,
507,,
508,,
508,,
510,,
511,,
512,,
512,,
511,,
511,,
510,,
509,,
509,,
510,,
511,,
511,,
512,,
512,,
511,,
511,,
512,,
514,,
515,,
516,,
517,,
517,,
518,,
518,,
519,,
519,,
518,,
519,,
519,,
519,,
518,,
518,,
517,,
518,,
517,,
516,,
517,,
518,,
517,,
516,,
515,,
515,,
515,,
514,,
516,,
516,,
516,,
515,,
515,,
515,,
515,,
515,,
515,,
515,,
514,,
515,,
516,,
516,,
517,,
515,,
515,,
514,,
515,,
516,,
517,,
517,,
517,,
515,,
514,,
514,,
513,,
512,,
512,,
512,,
511,,
511,,
512,,
513,,
513,,
513,,
514,,
515,,
516,,
515,,
515,,
516,,
516,,
516,,
516,,
516,,
516,,
517,,
517,,
518,,
519,,
519,,
520,,
520,,
520,,
519,,
519,,
519,,
518,,
519,,
518,,
517,,
516,,
517,,
518,,
518,,
519,,
519,,
520,,
520,,
520,,
519,,
518,,
517,,
517,,
517,,
517,,
517,,
517,,
519,,
521,,
523,,
524,,
525,,
526,,
527,,
528,,
529,,
531,,
533,,
535,,
539,,
542,,
545,,
545,,
545,,
545,,
547,,
547,,
549,,
551,,
552,,
554,,
556,,
557,,
557,,
556,,
556,,
555,,
551,,
549,,
548,,
549,,
550,,
551,,
553,,
554,,
555,,
557,,
559,,
560,,
561,,
562,,
563,,
563,,
562,,
559,,
554,,
551,,
549,,
547,,
545,,
543,,
542,,
540,,
540,,
539,,
538,,
538,,
536,,
534,,
533,,
532,,
530,,
528,,
526,,
526,,
526,,
526,,
525,,
524,,
524,,
523,,
518,,
513,,
509,,
505,,
502,,
499,,
497,,
496,,
495,,
494,,
496,,
496,,
496,,
496,,
495,,
494,,
493,,
493,,
494,,
492,,
491,,
489,,
488,,
488,,
487,,
486,,
487,,
487,,
487,,
487,,
489,,
491,,
492,,
494,,
494,,
494,,
493,,
492,,
490,,
490,,
489,,
487,,
486,,
487,,
486,,
486,,
487,,
487,,
487,,
486,,
487,,
487,,
488,,
490,,
491,,
493,,
493,,
494,,
496,,
497,,
497,,
497,,
496,,
496,,
496,,
498,,
499,,
500,,
501,,
501,,
500,,
499,,
497,,
494,,
490,,
486,,
484,,
482,,
481,,
481,,
483,,
484,,
487,,
490,,
493,,
496,,
500,,
505,,
513,,
526,,
542,,
562,,
585,,
610,,
636,,
666,,
696,,
728,,
761,,
794,,
831,,
868,,
905,,
936,,
960,,
981,,
999,,
1013,,
1020,,
1010,,
980,,
942,,
900,,
860,,
820,,
776,,
727,,
676,,
631,,
589,,
550,,
514,,
481,,
449,,
415,,
382,,
349,,
323,,
304,,
291,,
284,,
281,,
283,,
288,,
295,,
303,,
311,,
319,,
329,,
339,,
348,,
357,,
365,,
374,,
380,,
387,,
395,,
401,,
408,,
414,,
419,,
424,,
430,,
434,,
439,,
443,,
447,,
450,,
453,,
457,,
460,,
463,,
464,,
465,,
466,,
467,,
467,,
469,,
470,,
471,,
473,,
475,,
477,,
478,,
477,,
478,,
479,,
480,,
482,,
483,,
484,,
485,,
484,,
485,,
485,,
486,,
487,,
487,,
487,,
489,,
491,,
492,,
492,,
492,,
493,,
494,,
495,,
495,,
497,,
497,,
497,,
498,,
498,,
499,,
500,,
501,,
502,,
502,,
503,,
504,,
504,,
505,,
505,,
506,,
507,,
507,,
508,,
508,,
508,,
509,,
510,,
510,,
512,,
513,,
513,,
514,,
514,,
514,,
515,,
516,,
517,,
519,,
519,,
520,,
520,,
520,,
520,,
521,,
523,,
523,,
522,,
521,,
521,,
521,,
521,,
521,,
523,,
524,,
525,,
527,,
527,,
527,,
527,,
530,,
531,,
531,,
531,,
532,,
534,,
536,,
537,,
537,,
539,,
540,,
541,,
544,,
545,,
545,,
545,,
544,,
546,,
547,,
548,,
550,,
551,,
552,,
555,,
555,,
555,,
556,,
557,,
558,,
557,,
558,,
559,,
560,,
562,,
563,,
564,,
566,,
567,,
568,,
568,,
569,,
572,,
575,,
575,,
577,,
579,,
580,,
583,,
585,,
588,,
591,,
591,,
593,,
597,,
599,,
600,,
600,,
602,,
603,,
603,,
603,,
603,,
604,,
604,,
603,,
605,,
606,,
607,,
608,,
610,,
611,,
612,,
614,,
613,,
614,,
614,,
614,,
615,,
615,,
616,,
617,,
617,,
616,,
615,,
615,,
615,,
613,,
613,,
614,,
614,,
612,,
610,,
609,,
608,,
606,,
605,,
603,,
600,,
598,,
595,,
595,,
594,,
593,,
591,,
589,,
588,,
586,,
583,,
580,,
577,,
575,,
572,,
567,,
562,,
557,,
552,,
547,,
543,,
539,,
533,,
528,,
524,,
518,,
513,,
509,,
505,,
499,,
496,,
491,,
486,,
481,,
476,,
471,,
468,,
465,,
462,,
458,,
453,,
448,,
443,,
438,,
434,,
430,,
425,,
421,,
418,,
417,,
414,,
411,,
409,,
406,,
404,,
403,,
402,,
401,,
401,,
400,,
399,,
398,,
397,,
396,,
395,,
393,,
391,,
390,,
390,,
390,,
390,,
389,,
389,,
391,,
391,,
391,,
392,,
394,,
396,,
398,,
399,,
399,,
400,,
400,,
399,,
399,,
399,,
400,,
403,,
404,,
405,,
407,,
408,,
409,,
410,,
412,,
412,,
414,,
415,,
416,,
415,,
415,,
417,,
418,,
418,,
419,,
422,,
423,,
424,,
424,,
426,,
428,,
428,,
429,,
430,,
432,,
434,,
436,,
436,,
437,,
438,,
439,,
440,,
440,,
441,,
442,,
442,,
443,,
445,,
446,,
447,,
448,,
449,,
449,,
449,,
451,,
453,,
455,,
456,,
457,,
457,,
457,,
457,,
458,,
460,,
461,,
462,,
463,,
464,,
465,,
467,,
468,,
469,,
471,,
471,,
471,,
473,,
472,,
472,,
470,,
471,,
471,,
471,,
472,,
474,,
475,,
475,,
476,,
476,,
477,,
478,,
478,,
479,,
479,,
479,,
480,,
480,,
481,,
483,,
483,,
483,,
485,,
486,,
488,,
489,,
490,,
489,,
490,,
492,,
492,,
491,,
492,,
492,,
492,,
490,,
489,,
489,,
487,,
488,,
489,,
489,,
491,,
491,,
491,,
491,,
492,,
493,,
495,,
496,,
497,,
496,,
497,,
498,,
499,,
499,,
498,,
497,,
497,,
497,,
498,,
499,,
500,,
502,,
504,,
504,,
505,,
504,,
504,,
502,,
502,,
502,,
502,,
501,,
501,,
501,,
501,,
501,,
502,,
502,,
502,,
501,,
500,,
500,,
502,,
502,,
503,,
504,,
505,,
505,,
507,,
507,,
507,,
507,,
507,,
506,,
505,,
505,,
505,,
505,,
506,,
506,,
506,,
506,,
508,,
507,,
508,,
508,,
508,,
509,,
509,,
509,,
509,,
508,,
509,,
509,,
508,,
507,,
507,,
507,,
507,,
508,,
510,,
510,,
511,,
510,,
509,,
508,,
508,,
510,,
511,,
512,,
511,,
512,,
512,,
512,,
511,,
510,,
509,,
509,,
508,,
508,,
507,,
508,,
509,,
508,,
509,,
509,,
510,,
511,,
511,,
511,,
511,,
512,,
513,,
515,,
516,,
517,,
519,,
521,,
524,,
526,,
527,,
527,,
527,,
528,,
529,,
530,,
531,,
532,,
534,,
536,,
536,,
538,,
540,,
544,,
547,,
550,,
554,,
556,,
558,,
561,,
561,,
561,,
561,,
561,,
560,,
558,,
554,,
551,,
550,,
551,,
551,,
553,,
554,,
556,,
557,,
559,,
559,,
560,,
560,,
558,,
557,,
556,,
556,,
555,,
554,,
553,,
550,,
548,,
546,,
546,,
545,,
545,,
545,,
545,,
545,,
543,,
540,,
536,,
531,,
528,,
524,,
523,,
521,,
519,,
519,,
519,,
519,,
518,,
516,,
514,,
512,,
512,,
510,,
509,,
507,,
505,,
504,,
503,,
502,,
501,,
500,,
499,,
497,,
495,,
494,,
492,,
490,,
488,,
487,,
486,,
486,,
486,,
487,,
487,,
487,,
485,,
485,,
486,,
486,,
486,,
487,,
486,,
487,,
489,,
491,,
492,,
493,,
493,,
493,,
493,,
492,,
492,,
492,,
492,,
492,,
492,,
494,,
495,,
495,,
495,,
497,,
497,,
498,,
499,,
499,,
499,,
499,,
500,,
500,,
499,,
499,,
499,,
499,,
501,,
501,,
502,,
503,,
504,,
503,,
502,,
500,,
499,,
497,,
494,,
491,,
487,,
484,,
483,,
483,,
483,,
486,,
489,,
491,,
492,,
495,,
498,,
502,,
507,,
516,,
529,,
546,,
567,,
591,,
617,,
646,,
677,,
709,,
742,,
776,,
809,,
843,,
879,,
914,,
945,,
971,,
993,,
1011,,
1021,,
1022,,
1021,,
988,,
947,,
904,,
861,,
819,,
772,,
721,,
671,,
626,,
585,,
548,,
515,,
484,,
453,,
421,,
390,,
360,,
334,,
314,,
298,,
287,,
281,,
281,,
283,,
289,,
296,,
304,,
312,,
320,,
329,,
339,,
348,,
357,,
365,,
373,,
380,,
387,,
393,,
399,,
404,,
410,,
416,,
422,,
428,,
433,,
438,,
443,,
447,,
449,,
452,,
455,,
456,,
458,,
460,,
463,,
464,,
465,,
467,,
467,,
468,,
468,,
469,,
472,,
472,,
473,,
472,,
473,,
474,,
476,,
478,,
479,,
480,,
480,,
481,,
482,,
483,,
485,,
487,,
487,,
488,,
489,,
489,,
489,,
489,,
491,,
491,,
492,,
492,,
492,,
492,,
494,,
494,,
495,,
496,,
498,,
499,,
499,,
501,,
503,,
504,,
504,,
504,,
506,,
507,,
508,,
509,,
510,,
511,,
512,,
513,,
513,,
512,,
512,,
512,,
512,,
513,,
514,,
515,,
515,,
516,,
519,,
521,,
522,,
523,,
524,,
524,,
524,,
526,,
527,,
528,,
529,,
529,,
531,,
532,,
533,,
534,,
535,,
536,,
536,,
537,,
537,,
536,,
537,,
538,,
538,,
539,,
539,,
540,,
540,,
542,,
543,,
545,,
546,,
547,,
546,,
546,,
547,,
547,,
547,,
548,,
550,,
551,,
553,,
555,,
556,,
558,,
559,,
560,,
561,,
562,,
563,,
564,,
565,,
566,,
568,,
569,,
570,,
572,,
572,,
573,,
575,,
576,,
578,,
580,,
581,,
582,,
583,,
585,,
586,,
587,,
588,,
590,,
591,,
593,,
595,,
596,,
598,,
599,,
600,,
601,,
602,,
604,,
605,,
607,,
608,,
610,,
609,,
611,,
611,,
612,,
612,,
614,,
614,,
613,,
614,,
614,,
615,,
615,,
616,,
616,,
616,,
617,,
619,,
619,,
620,,
620,,
620,,
620,,
619,,
618,,
618,,
617,,
616,,
616,,
616,,
615,,
614,,
613,,
611,,
610,,
608,,
607,,
605,,
604,,
602,,
600,,
597,,
595,,
592,,
589,,
587,,
584,,
580,,
577,,
574,,
570,,
567,,
562,,
558,,
553,,
549,,
543,,
538,,
534,,
527,,
523,,
518,,
512,,
508,,
503,,
497,,
492,,
487,,
482,,
477,,
472,,
467,,
463,,
459,,
455,,
451,,
447,,
443,,
439,,
435,,
431,,
428,,
424,,
422,,
419,,
416,,
414,,
412,,
408,,
407,,
405,,
403,,
403,,
402,,
402,,
401,,
400,,
400,,
400,,
398,,
399,,
398,,
397,,
396,,
394,,
394,,
393,,
393,,
393,,
394,,
395,,
396,,
396,,
396,,
396,,
397,,
398,,
398,,
400,,
401,,
402,,
403,,
403,,
404,,
405,,
405,,
406,,
406,,
408,,
409,,
411,,
413,,
415,,
416,,
416,,
417,,
419,,
420,,
420,,
421,,
423,,
424,,
426,,
427,,
427,,
428,,
430,,
432,,
434,,
435,,
436,,
438,,
440,,
441,,
441,,
442,,
443,,
443,,
443,,
443,,
444,,
444,,
444,,
446,,
447,,
448,,
449,,
451,,
452,,
454,,
455,,
457,,
458,,
460,,
462,,
464,,
464,,
465,,
465,,
467,,
466,,
467,,
468,,
470,,
470,,
471,,
471,,
471,,
471,,
471,,
472,,
473,,
475,,
476,,
476,,
475,,
475,,
476,,
478,,
478,,
478,,
479,,
480,,
480,,
482,,
481,,
480,,
481,,
482,,
483,,
484,,
484,,
485,,
486,,
487,,
487,,
488,,
488,,
488,,
489,,
490,,
490,,
490,,
491,,
491,,
492,,
493,,
494,,
494,,
494,,
495,,
497,,
497,,
499,,
499,,
498,,
498,,
498,,
497,,
497,,
497,,
496,,
496,,
496,,
496,,
496,,
496,,
496,,
496,,
498,,
499,,
500,,
500,,
501,,
501,,
501,,
501,,
501,,
502,,
502,,
501,,
501,,
501,,
502,,
503,,
504,,
504,,
503,,
504,,
504,,
504,,
504,,
505,,
507,,
507,,
507,,
507,,
508,,
508,,
508,,
508,,
508,,
508,,
509,,
509,,
508,,
507,,
507,,
506,,
506,,
507,,
507,,
508,,
508,,
510,,
510,,
511,,
511,,
511,,
510,,
510,,
511,,
512,,
511,,
512,,
511,,
510,,
510,,
509,,
508,,
509,,
510,,
510,,
510,,
510,,
510,,
510,,
512,,
512,,
512,,
512,,
512,,
512,,
511,,
512,,
511,,
511,,
511,,
511,,
511,,
511,,
511,,
511,,
511,,
511,,
512,,
512,,
512,,
513,,
514,,
515,,
516,,
517,,
516,,
516,,
516,,
516,,
516,,
518,,
519,,
518,,
518,,
517,,
516,,
517,,
516,,
516,,
516,,
517,,
517,,
517,,
517,,
517,,
516,,
517,,
518,,
519,,
518,,
518,,
517,,
516,,
516,,
516,,
517,,
518,,
518,,
518,,
518,,
518,,
518,,
518,,
518,,
518,,
519,,
520,,
520,,
521,,
522,,
522,,
522,,
524,,
526,,
527,,
528,,
529,,
531,,
533,,
535,,
536,,
538,,
540,,
542,,
543,,
545,,
548,,
550,,
551,,
552,,
554,,
556,,
557,,
559,,
560,,
561,,
562,,
562,,
561,,
560,,
558,,
554,,
551,,
550,,
551,,
552,,
554,,
556,,
556,,
557,,
559,,
560,,
561,,
560,,
559,,
557,,
556,,
555,,
553,,
551,,
550,,
548,,
545,,
542,,
540,,
539,,
537,,
537,,
536,,
534,,
533,,
531,,
530,,
527,,
526,,
524,,
522,,
521,,
519,,
518,,
517,,
515,,
515,,
514,,
513,,
512,,
509,,
506,,
504,,
503,,
502,,
501,,
500,,
500,,
499,,
499,,
498,,
497,,
496,,
496,,
494,,
491,,
490,,
488,,
488,,
487,,
487,,
486,,
486,,
487,,
486,,
486,,
486,,
486,,
486,,
486,,
486,,
487,,
487,,
487,,
487,,
488,,
489,,
490,,
491,,
492,,
494,,
494,,
493,,
492,,
491,,
491,,
491,,
491,,
491,,
491,,
492,,
492,,
492,,
492,,
493,,
494,,
495,,
496,,
496,,
496,,
497,,
497,,
497,,
497,,
498,,
499,,
499,,
499,,
499,,
498,,
496,,
493,,
489,,
487,,
485,,
483,,
481,,
480,,
482,,
486,,
489,,
492,,
495,,
499,,
505,,
512,,
523,,
537,,
556,,
576,,
600,,
625,,
651,,
680,,
710,,
740,,
772,,
805,,
838,,
873,,
908,,
940,,
967,,
988,,
1007,,
1018,,
1021,,
1018,,
987,,
946,,
903,,
860,,
816,,
771,,
717,,
663,,
615,,
569,,
527,,
489,,
455,,
423,,
389,,
354,,
323,,
297,,
282,,
275,,
272,,
275,,
281,,
291,,
301,,
311,,
322,,
333,,
344,,
353,,
362,,
370,,
377,,
385,,
392,,
398,,
403,,
409,,
415,,
420,,
425,,
430,,
435,,
438,,
440,,
444,,
447,,
449,,
452,,
453,,
455,,
456,,
458,,
458,,
459,,
460,,
461,,
462,,
464,,
466,,
467,,
468,,
469,,
470,,
472,,
473,,
474,,
475,,
475,,
476,,
476,,
477,,
478,,
479,,
479,,
479,,
479,,
480,,
481,,
482,,
483,,
485,,
487,,
488,,
489,,
490,,
492,,
493,,
494,,
497,,
499,,
501,,
502,,
504,,
504,,
505,,
505,,
507,,
508,,
509,,
511,,
512,,
513,,
513,,
514,,
514,,
514,,
515,,
515,,
516,,
516,,
517,,
519,,
520,,
520,,
521,,
521,,
522,,
521,,
521,,
521,,
521,,
522,,
522,,
523,,
525,,
525,,
526,,
527,,
527,,
528,,
529,,
531,,
531,,
532,,
533,,
533,,
533,,
534,,
534,,
534,,
534,,
534,,
535,,
536,,
537,,
538,,
538,,
538,,
538,,
539,,
540,,
541,,
542,,
543,,
544,,
545,,
547,,
548,,
549,,
551,,
551,,
552,,
553,,
554,,
555,,
556,,
557,,
557,,
559,,
560,,
561,,
563,,
564,,
565,,
566,,
565,,
566,,
567,,
568,,
568,,
571,,
572,,
573,,
575,,
577,,
578,,
579,,
580,,
581,,
582,,
583,,
584,,
584,,
585,,
588,,
588,,
590,,
592,,
594,,
596,,
598,,
600,,
601,,
604,,
606,,
607,,
608,,
608,,
608,,
608,,
610,,
611,,
612,,
613,,
614,,
615,,
616,,
618,,
619,,
619,,
619,,
617,,
617,,
617,,
617,,
618,,
619,,
619,,
618,,
617,,
616,,
615,,
615,,
615,,
614,,
612,,
611,,
610,,
609,,
608,,
606,,
604,,
603,,
600,,
599,,
597,,
594,,
592,,
589,,
587,,
583,,
579,,
576,,
572,,
567,,
562,,
557,,
553,,
548,,
543,,
537,,
532,,
527,,
523,,
519,,
513,,
508,,
504,,
498,,
494,,
488,,
483,,
479,,
475,,
470,,
465,,
460,,
455,,
450,,
447,,
441,,
436,,
433,,
431,,
427,,
423,,
420,,
416,,
414,,
412,,
410,,
408,,
405,,
403,,
401,,
398,,
397,,
395,,
395,,
394,,
393,,
391,,
391,,
391,,
390,,
390,,
390,,
390,,
391,,
390,,
390,,
391,,
391,,
392,,
392,,
392,,
392,,
393,,
393,,
393,,
393,,
394,,
395,,
397,,
399,,
400,,
400,,
401,,
403,,
404,,
405,,
407,,
408,,
410,,
411,,
412,,
413,,
415,,
416,,
416,,
418,,
419,,
420,,
421,,
422,,
423,,
424,,
425,,
427,,
429,,
430,,
431,,
432,,
434,,
436,,
437,,
439,,
440,,
441,,
442,,
444,,
444,,
445,,
445,,
445,,
446,,
447,,
448,,
449,,
450,,
451,,
451,,
451,,
452,,
453,,
454,,
455,,
456,,
458,,
459,,
460,,
460,,
460,,
461,,
462,,
463,,
464,,
464,,
465,,
466,,
467,,
467,,
467,,
468,,
470,,
471,,
471,,
471,,
472,,
472,,
472,,
473,,
473,,
474,,
475,,
477,,
478,,
479,,
479,,
480,,
480,,
481,,
482,,
483,,
483,,
484,,
485,,
486,,
487,,
488,,
489,,
491,,
492,,
492,,
492,,
492,,
492,,
493,,
493,,
493,,
494,,
495,,
495,,
495,,
495,,
495,,
495,,
495,,
495,,
495,,
496,,
496,,
497,,
497,,
497,,
496,,
496,,
497,,
499,,
499,,
500,,
500,,
501,,
501,,
502,,
502,,
502,,
502,,
501,,
501,,
500,,
500,,
500,,
501,,
501,,
501,,
501,,
500,,
501,,
501,,
501,,
503,,
504,,
504,,
505,,
505,,
505,,
506,,
507,,
508,,
508,,
509,,
509,,
509,,
508,,
508,,
508,,
508,,
508,,
508,,
508,,
509,,
510,,
510,,
509,,
509,,
508,,
508,,
508,,
508,,
508,,
508,,
507,,
507,,
508,,
508,,
508,,
507,,
507,,
508,,
507,,
508,,
509,,
509,,
510,,
510,,
509,,
509,,
509,,
509,,
509,,
510,,
509,,
509,,
510,,
510,,
511,,
511,,
510,,
510,,
511,,
511,,
511,,
511,,
512,,
512,,
513,,
513,,
513,,
514,,
515,,
516,,
517,,
517,,
517,,
516,,
517,,
517,,
518,,
518,,
518,,
518,,
517,,
516,,
516,,
516,,
516,,
515,,
516,,
516,,
517,,
517,,
517,,
517,,
516,,
516,,
516,,
516,,
516,,
516,,
517,,
518,,
518,,
518,,
518,,
517,,
516,,
515,,
516,,
515,,
514,,
513,,
513,,
514,,
515,,
516,,
517,,
517,,
517,,
516,,
516,,
516,,
516,,
516,,
517,,
517,,
516,,
515,,
515,,
514,,
514,,
514,,
514,,
515,,
515,,
515,,
515,,
516,,
516,,
516,,
516,,
516,,
515,,
515,,
514,,
514,,
515,,
514,,
515,,
515,,
515,,
516,,
516,,
517,,
516,,
516,,
516,,
516,,
515,,
515,,
515,,
515,,
515,,
516,,
516,,
517,,
517,,
518,,
519,,
519,,
519,,
520,,
519,,
518,,
517,,
516,,
516,,
517,,
517,,
517,,
516,,
515,,
516,,
516,,
516,,
515,,
516,,
517,,
518,,
518,,
518,,
518,,
518,,
518,,
518,,
519,,
518,,
519,,
519,,
520,,
520,,
520,,
520,,
520,,
522,,
522,,
524,,
525,,
526,,
528,,
529,,
531,,
532,,
533,,
533,,
534,,
535,,
537,,
539,,
541,,
543,,
544,,
546,,
547,,
549,,
551,,
552,,
553,,
556,,
558,,
558,,
559,,
558,,
556,,
554,,
552,,
551,,
548,,
547,,
547,,
549,,
551,,
552,,
553,,
553,,
555,,
555,,
556,,
556,,
556,,
556,,
554,,
552,,
549,,
548,,
545,,
543,,
540,,
537,,
535,,
534,,
532,,
531,,
529,,
527,,
527,,
526,,
525,,
524,,
522,,
521,,
519,,
517,,
516,,
515,,
515,,
513,,
514,,
514,,
514,,
514,,
513,,
511,,
508,,
506,,
504,,
502,,
499,,
499,,
499,,
498,,
497,,
497,,
496,,
495,,
493,,
491,,
489,,
487,,
485,,
484,,
483,,
483,,
483,,
483,,
484,,
485,,
486,,
487,,
487,,
487,,
488,,
487,,
488,,
489,,
490,,
490,,
490,,
489,,
489,,
489,,
489,,
489,,
490,,
489,,
489,,
490,,
491,,
491,,
492,,
492,,
492,,
492,,
492,,
492,,
492,,
492,,
493,,
493,,
493,,
493,,
493,,
493,,
493,,
492,,
492,,
494,,
494,,
494,,
494,,
494,,
493,,
492,,
492,,
490,,
487,,
485,,
482,,
481,,
480,,
480,,
482,,
486,,
488,,
492,,
496,,
501,,
508,,
517,,
531,,
549,,
569,,
591,,
617,,
643,,
670,,
699,,
729,,
760,,
792,,
824,,
859,,
894,,
926,,
954,,
975,,
995,,
1008,,
1017,,
1016,,
993,,
954,,
910,,
867,,
825,,
782,,
732,,
679,,
628,,
583,,
541,,
504,,
468,,
435,,
402,,
366,,
332,,
304,,
285,,
274,,
269,,
270,,
276,,
284,,
293,,
303,,
312,,
324,,
334,,
343,,
352,,
361,,
370,,
379,,
387,,
395,,
401,,
407,,
412,,
418,,
424,,
429,,
433,,
438,,
442,,
444,,
448,,
450,,
453,,
455,,
456,,
458,,
459,,
461,,
462,,
462,,
462,,
463,,
464,,
466,,
467,,
468,,
470,,
471,,
472,,
472,,
473,,
475,,
476,,
478,,
479,,
479,,
480,,
481,,
482,,
482,,
483,,
483,,
484,,
484,,
484,,
484,,
484,,
484,,
485,,
486,,
487,,
487,,
487,,
488,,
489,,
491,,
491,,
491,,
492,,
493,,
495,,
496,,
496,,
497,,
499,,
499,,
500,,
501,,
502,,
502,,
502,,
503,,
503,,
504,,
504,,
505,,
506,,
508,,
508,,
508,,
508,,
509,,
511,,
511,,
512,,
514,,
514,,
515,,
515,,
515,,
517,,
518,,
519,,
519,,
520,,
521,,
522,,
524,,
525,,
525,,
526,,
527,,
527,,
528,,
528,,
528,,
529,,
529,,
530,,
530,,
530,,
531,,
532,,
533,,
534,,
535,,
535,,
536,,
536,,
537,,
539,,
539,,
541,,
542,,
543,,
545,,
547,,
548,,
549,,
550,,
551,,
553,,
554,,
555,,
556,,
558,,
558,,
559,,
560,,
562,,
564,,
566,,
567,,
568,,
568,,
570,,
572,,
573,,
575,,
575,,
577,,
578,,
579,,
582,,
583,,
584,,
587,,
588,,
590,,
590,,
591,,
593,,
595,,
596,,
598,,
600,,
600,,
601,,
602,,
603,,
605,,
606,,
607,,
609,,
610,,
612,,
613,,
613,,
613,,
613,,
614,,
614,,
614,,
614,,
615,,
615,,
615,,
616,,
617,,
615,,
615,,
615,,
615,,
615,,
615,,
615,,
615,,
615,,
614,,
614,,
613,,
612,,
612,,
611,,
610,,
609,,
608,,
606,,
604,,
603,,
602,,
600,,
596,,
594,,
591,,
589,,
587,,
583,,
579,,
575,,
570,,
566,,
561,,
557,,
552,,
547,,
541,,
536,,
532,,
528,,
523,,
519,,
513,,
508,,
504,,
498,,
493,,
487,,
483,,
478,,
473,,
467,,
463,,
459,,
454,,
448,,
444,,
440,,
436,,
433,,
430,,
427,,
423,,
420,,
417,,
414,,
412,,
409,,
408,,
406,,
403,,
402,,
400,,
399,,
397,,
396,,
396,,
394,,
393,,
392,,
391,,
391,,
391,,
390,,
390,,
389,,
390,,
391,,
391,,
391,,
392,,
392,,
391,,
392,,
392,,
393,,
394,,
396,,
397,,
397,,
398,,
398,,
399,,
401,,
402,,
403,,
405,,
406,,
408,,
408,,
409,,
410,,
411,,
411,,
412,,
414,,
415,,
416,,
417,,
418,,
420,,
421,,
422,,
423,,
424,,
425,,
427,,
428,,
429,,
431,,
432,,
434,,
435,,
436,,
436,,
437,,
438,,
439,,
440,,
440,,
440,,
441,,
441,,
442,,
443,,
444,,
444,,
446,,
448,,
449,,
451,,
451,,
452,,
453,,
454,,
454,,
455,,
455,,
456,,
457,,
458,,
459,,
461,,
463,,
464,,
465,,
466,,
467,,
468,,
469,,
470,,
470,,
472,,
473,,
474,,
475,,
476,,
477,,
477,,
477,,
478,,
479,,
479,,
480,,
481,,
482,,
483,,
483,,
483,,
483,,
484,,
485,,
485,,
486,,
487,,
487,,
487,,
488,,
489,,
491,,
491,,
489,,
490,,
491,,
492,,
492,,
493,,
494,,
495,,
496,,
498,,
499,,
499,,
499,,
498,,
498,,
498,,
498,,
499,,
499,,
500,,
500,,
500,,
500,,
499,,
499,,
499,,
500,,
500,,
499,,
499,,
500,,
500,,
500,,
499,,
499,,
500,,
499,,
500,,
500,,
499,,
500,,
500,,
500,,
502,,
503,,
504,,
505,,
505,,
505,,
506,,
507,,
508,,
508,,
508,,
508,,
507,,
507,,
507,,
507,,
507,,
507,,
507,,
507,,
506,,
507,,
508,,
508,,
508,,
508,,
508,,
508,,
508,,
508,,
508,,
508,,
509,,
510,,
510,,
510,,
511,,
510,,
511,,
511,,
511,,
511,,
511,,
511,,
511,,
511,,
512,,
513,,
514,,
514,,
513,,
512,,
512,,
512,,
512,,
512,,
511,,
510,,
510,,
508,,
508,,
508,,
509,,
509,,
510,,
511,,
511,,
511,,
512,,
513,,
513,,
513,,
514,,
514,,
514,,
514,,
514,,
514,,
514,,
514,,
515,,
515,,
515,,
515,,
515,,
515,,
515,,
516,,
516,,
515,,
515,,
515,,
515,,
514,,
515,,
515,,
515,,
515,,
514,,
514,,
514,,
514,,
515,,
515,,
516,,
518,,
518,,
519,,
519,,
519,,
519,,
519,,
519,,
519,,
518,,
517,,
517,,
518,,
517,,
516,,
516,,
515,,
515,,
516,,
517,,
517,,
517,,
516,,
516,,
516,,
516,,
516,,
516,,
517,,
516,,
517,,
518,,
517,,
517,,
517,,
518,,
518,,
518,,
518,,
518,,
518,,
517,,
517,,
518,,
518,,
518,,
517,,
517,,
518,,
518,,
517,,
516,,
518,,
516,,
515,,
515,,
515,,
515,,
515,,
515,,
515,,
515,,
514,,
515,,
516,,
516,,
516,,
516,,
516,,
516,,
515,,
515,,
515,,
515,,
514,,
514,,
514,,
514,,
513,,
514,,
515,,
515,,
516,,
517,,
517,,
518,,
519,,
519,,
519,,
519,,
519,,
519,,
520,,
520,,
520,,
520,,
519,,
519,,
519,,
519,,
519,,
520,,
520,,
519,,
518,,
518,,
517,,
517,,
516,,
516,,
516,,
515,,
515,,
515,,
515,,
515,,
516,,
516,,
517,,
517,,
516,,
516,,
516,,
516,,
516,,
516,,
516,,
516,,
515,,
516,,
516,,
517,,
518,,
518,,
518,,
519,,
519,,
519,,
519,,
518,,
518,,
518,,
518,,
518,,
518,,
517,,
517,,
516,,
516,,
516,,
515,,
515,,
515,,
516,,
517,,
516,,
518,,
518,,
519,,
519,,
519,,
519,,
518,,
518,,
518,,
517,,
516,,
517,,
517,,
518,,
519,,
520,,
520,,
519,,
519,,
519,,
519,,
519,,
519,,
520,,
520,,
521,,
521,,
521,,
520,,
520,,
520,,
519,,
519,,
519,,
519,,
519,,
519,,
519,,
519,,
519,,
520,,
520,,
520,,
521,,
520,,
521,,
521,,
521,,
521,,
521,,
521,,
521,,
521,,
521,,
522,,
522,,
521,,
521,,
520,,
521,,
522,,
522,,
522,,
522,,
523,,
523,,
523,,
523,,
524,,
524,,
525,,
526,,
527,,
529,,
529,,
531,,
532,,
533,,
534,,
536,,
538,,
539,,
540,,
542,,
543,,
545,,
547,,
549,,
551,,
551,,
553,,
555,,
555,,
555,,
555,,
555,,
554,,
553,,
551,,
550,,
548,,
547,,
548,,
550,,
552,,
554,,
556,,
559,,
561,,
562,,
563,,
561,,
560,,
559,,
557,,
556,,
555,,
553,,
551,,
548,,
547,,
544,,
542,,
540,,
538,,
536,,
536,,
535,,
533,,
531,,
531,,
529,,
526,,
525,,
524,,
524,,
523,,
521,,
520,,
519,,
519,,
519,,
519,,
516,,
513,,
511,,
508,,
506,,
505,,
504,,
502,,
502,,
502,,
502,,
502,,
502,,
500,,
499,,
497,,
495,,
495,,
493,,
492,,
492,,
492,,
492,,
492,,
492,,
491,,
490,,
490,,
489,,
488,,
487,,
487,,
487,,
487,,
488,,
487,,
487,,
489,,
490,,
491,,
493,,
494,,
495,,
495,,
495,,
495,,
495,,
494,,
494,,
493,,
493,,
494,,
494,,
494,,
495,,
496,,
496,,
496,,
496,,
496,,
496,,
496,,
496,,
497,,
497,,
497,,
497,,
497,,
498,,
498,,
497,,
496,,
495,,
494,,
490,,
487,,
486,,
484,,
483,,
483,,
484,,
487,,
489,,
492,,
495,,
499,,
505,,
513,,
526,,
543,,
562,,
583,,
608,,
633,,
661,,
691,,
720,,
750,,
782,,
816,,
851,,
888,,
923,,
951,,
972,,
991,,
1005,,
1016,,
1016,,
996,,
959,,
917,,
874,,
833,,
791,,
743,,
690,,
640,,
595,,
553,,
514,,
480,,
446,,
413,,
379,,
345,,
317,,
295,,
282,,
275,,
273,,
276,,
282,,
291,,
300,,
309,,
318,,
327,,
337,,
347,,
356,,
365,,
374,,
383,,
391,,
398,,
406,,
412,,
419,,
425,,
431,,
436,,
441,,
445,,
449,,
452,,
455,,
457,,
459,,
460,,
462,,
463,,
464,,
467,,
469,,
470,,
472,,
472,,
473,,
474,,
474,,
474,,
475,,
475,,
476,,
476,,
477,,
479,,
479,,
480,,
480,,
479,,
480,,
481,,
481,,
482,,
483,,
484,,
484,,
485,,
485,,
486,,
487,,
487,,
487,,
488,,
489,,
489,,
490,,
491,,
491,,
492,,
492,,
493,,
494,,
495,,
496,,
496,,
498,,
498,,
499,,
499,,
500,,
499,,
500,,
501,,
502,,
502,,
503,,
504,,
505,,
505,,
506,,
506,,
506,,
508,,
509,,
509,,
510,,
510,,
511,,
512,,
513,,
514,,
515,,
516,,
517,,
518,,
519,,
519,,
521,,
522,,
521,,
523,,
524,,
525,,
525,,
525,,
525,,
526,,
526,,
526,,
527,,
528,,
529,,
530,,
531,,
531,,
531,,
533,,
534,,
534,,
535,,
535,,
537,,
537,,
539,,
540,,
540,,
540,,
541,,
542,,
543,,
544,,
544,,
544,,
544,,
546,,
547,,
550,,
551,,
553,,
555,,
557,,
559,,
560,,
561,,
563,,
564,,
566,,
567,,
568,,
571,,
572,,
573,,
575,,
575,,
576,,
578,,
580,,
582,,
584,,
585,,
587,,
588,,
590,,
592,,
594,,
596,,
598,,
600,,
603,,
606,,
607,,
608,,
609,,
609,,
609,,
610,,
611,,
612,,
612,,
613,,
613,,
614,,
615,,
615,,
614,,
614,,
615,,
615,,
615,,
616,,
616,,
616,,
616,,
616,,
616,,
616,,
616,,
615,,
615,,
614,,
614,,
614,,
614,,
613,,
612,,
611,,
610,,
609,,
608,,
606,,
605,,
604,,
602,,
600,,
598,,
595,,
593,,
590,,
587,,
583,,
580,,
577,,
575,,
572,,
569,,
565,,
561,,
557,,
553,,
548,,
543,,
539,,
534,,
529,,
523,,
518,,
511,,
506,,
501,,
496,,
490,,
486,,
480,,
475,,
470,,
464,,
459,,
455,,
450,,
446,,
441,,
436,,
433,,
429,,
425,,
422,,
420,,
416,,
414,,
411,,
408,,
406,,
404,,
403,,
401,,
399,,
399,,
398,,
397,,
396,,
394,,
393,,
392,,
391,,
391,,
390,,
390,,
388,,
387,,
387,,
387,,
386,,
386,,
386,,
386,,
386,,
386,,
387,,
387,,
387,,
388,,
389,,
390,,
391,,
392,,
393,,
395,,
396,,
397,,
398,,
399,,
401,,
401,,
402,,
403,,
404,,
405,,
406,,
407,,
408,,
408,,
409,,
411,,
412,,
412,,
414,,
415,,
416,,
417,,
418,,
418,,
419,,
421,,
423,,
423,,
425,,
425,,
427,,
429,,
430,,
431,,
432,,
432,,
434,,
435,,
436,,
436,,
437,,
439,,
440,,
442,,
443,,
445,,
445,,
446,,
446,,
446,,
448,,
448,,
449,,
449,,
450,,
450,,
451,,
453,,
455,,
456,,
457,,
459,,
460,,
461,,
462,,
463,,
463,,
465,,
466,,
466,,
467,,
468,,
469,,
470,,
470,,
470,,
470,,
471,,
471,,
472,,
473,,
474,,
475,,
475,,
475,,
475,,
476,,
476,,
476,,
477,,
478,,
479,,
479,,
480,,
480,,
481,,
482,,
483,,
484,,
485,,
486,,
486,,
486,,
487,,
487,,
489,,
489,,
489,,
488,,
488,,
489,,
488,,
488,,
488,,
488,,
489,,
489,,
491,,
491,,
491,,
491,,
492,,
493,,
493,,
494,,
495,,
496,,
496,,
496,,
497,,
498,,
498,,
499,,
499,,
499,,
499,,
499,,
499,,
499,,
499,,
499,,
499,,
500,,
500,,
500,,
500,,
500,,
500,,
500,,
500,,
500,,
500,,
501,,
501,,
501,,
502,,
502,,
502,,
502,,
502,,
502,,
503,,
503,,
504,,
504,,
504,,
505,,
506,,
506,,
507,,
507,,
507,,
507,,
507,,
508,,
509,,
509,,
509,,
510,,
509,,
510,,
509,,
509,,
509,,
508,,
510,,
510,,
511,,
511,,
510,,
511,,
511,,
511,,
512,,
511,,
511,,
510,,
510,,
510,,
511,,
510,,
511,,
511,,
511,,
512,,
513,,
513,,
512,,
512,,
512,,
512,,
512,,
513,,
513,,
512,,
513,,
513,,
514,,
514,,
515,,
515,,
515,,
515,,
515,,
515,,
515,,
515,,
515,,
515,,
515,,
514,,
514,,
515,,
515,,
516,,
516,,
515,,
516,,
515,,
515,,
515,,
515,,
517,,
518,,
519,,
519,,
519,,
519,,
519,,
519,,
518,,
518,,
518,,
518,,
518,,
518,,
518,,
519,,
519,,
519,,
521,,
520,,
521,,
522,,
523,,
524,,
524,,
524,,
524,,
525,,
526,,
525,,
525,,
524,,
525,,
525,,
525,,
525,,
525,,
525,,
525,,
525,,
526,,
525,,
526,,
525,,
524,,
524,,
524,,
524,,
524,,
524,,
524,,
525,,
525,,
526,,
525,,
526,,
526,,
526,,
526,,
525,,
525,,
525,,
525,,
527,,
527,,
527,,
526,,
526,,
526,,
525,,
526,,
525,,
525,,
524,,
524,,
524,,
524,,
523,,
523,,
523,,
523,,
522,,
523,,
523,,
523,,
523,,
523,,
524,,
523,,
523,,
522,,
521,,
522,,
521,,
520,,
521,,
521,,
521,,
521,,
521,,
521,,
521,,
522,,
522,,
523,,
523,,
523,,
523,,
523,,
523,,
522,,
522,,
523,,
523,,
524,,
524,,
524,,
524,,
525,,
525,,
525,,
524,,
525,,
525,,
524,,
524,,
524,,
524,,
524,,
523,,
524,,
523,,
523,,
523,,
523,,
523,,
523,,
523,,
524,,
524,,
524,,
524,,
523,,
524,,
524,,
525,,
526,,
526,,
527,,
527,,
528,,
528,,
528,,
528,,
527,,
528,,
527,,
527,,
526,,
526,,
525,,
524,,
524,,
524,,
523,,
524,,
524,,
525,,
525,,
525,,
526,,
526,,
526,,
526,,
524,,
524,,
524,,
524,,
524,,
523,,
523,,
523,,
524,,
524,,
525,,
526,,
525,,
525,,
525,,
524,,
524,,
524,,
524,,
523,,
522,,
521,,
521,,
520,,
519,,
519,,
519,,
519,,
520,,
520,,
519,,
519,,
518,,
518,,
518,,
518,,
518,,
518,,
518,,
519,,
519,,
519,,
519,,
519,,
519,,
519,,
520,,
519,,
518,,
519,,
518,,
518,,
519,,
519,,
520,,
519,,
519,,
519,,
518,,
518,,
518,,
519,,
520,,
520,,
519,,
519,,
518,,
518,,
518,,
518,,
518,,
517,,
518,,
517,,
517,,
518,,
518,,
519,,
519,,
520,,
520,,
520,,
520,,
519,,
519,,
517,,
516,,
515,,
515,,
515,,
515,,
515,,
515,,
514,,
513,,
513,,
513,,
514,,
515,,
515,,
517,,
518,,
519,,
520,,
521,,
523,,
525,,
525,,
527,,
528,,
529,,
530,,
532,,
533,,
534,,
536,,
537,,
537,,
539,,
539,,
540,,
542,,
543,,
544,,
544,,
545,,
547,,
549,,
551,,
553,,
554,,
556,,
557,,
557,,
556,,
555,,
553,,
552,,
550,,
547,,
545,,
543,,
544,,
544,,
545,,
545,,
546,,
548,,
550,,
552,,
552,,
552,,
551,,
551,,
549,,
548,,
545,,
543,,
541,,
537,,
536,,
535,,
533,,
531,,
531,,
530,,
529,,
527,,
526,,
526,,
523,,
521,,
519,,
518,,
516,,
515,,
514,,
514,,
514,,
514,,
514,,
513,,
512,,
510,,
507,,
504,,
502,,
499,,
498,,
498,,
497,,
496,,
496,,
496,,
495,,
494,,
493,,
491,,
490,,
488,,
487,,
487,,
486,,
485,,
485,,
485,,
485,,
487,,
487,,
486,,
486,,
486,,
486,,
485,,
483,,
483,,
483,,
483,,
484,,
484,,
484,,
484,,
484,,
484,,
484,,
484,,
486,,
487,,
487,,
488,,
490,,
491,,
491,,
491,,
491,,
490,,
491,,
491,,
491,,
491,,
491,,
492,,
492,,
495,,
497,,
498,,
498,,
497,,
497,,
496,,
494,,
493,,
492,,
490,,
488,,
486,,
483,,
480,,
478,,
477,,
476,,
478,,
481,,
484,,
486,,
487,,
492,,
497,,
504,,
515,,
528,,
546,,
566,,
589,,
615,,
641,,
671,,
700,,
731,,
763,,
796,,
832,,
868,,
904,,
937,,
960,,
980,,
998,,
1010,,
1016,,
1007,,
977,,
937,,
893,,
851,,
810,,
766,,
715,,
663,,
615,,
573,,
533,,
498,,
464,,
432,,
400,,
366,,
334,,
307,,
289,,
277,,
271,,
269,,
272,,
278,,
287,,
296,,
304,,
314,,
323,,
333,,
342,,
351,,
361,,
370,,
378,,
385,,
391,,
398,,
403,,
409,,
415,,
422,,
428,,
433,,
438,,
442,,
446,,
449,,
452,,
455,,
457,,
459,,
459,,
460,,
460,,
460,,
459,,
460,,
460,,
462,,
464,,
466,,
467,,
468,,
468,,
469,,
470,,
471,,
471,,
472,,
474,,
475,,
476,,
476,,
478,,
479,,
480,,
481,,
481,,
482,,
483,,
485,,
487,,
487,,
487,,
488,,
488,,
489,,
489,,
490,,
490,,
492,,
494,,
495,,
495,,
496,,
496,,
497,,
498,,
498,,
499,,
500,,
500,,
500,,
502,,
504,,
504,,
505,,
506,,
507,,
508,,
508,,
508,,
510,,
510,,
511,,
511,,
512,,
513,,
513,,
513,,
514,,
514,,
515,,
515,,
516,,
517,,
518,,
518,,
518,,
518,,
518,,
519,,
519,,
520,,
520,,
520,,
521,,
523,,
524,,
526,,
526,,
527,,
528,,
529,,
531,,
531,,
532,,
533,,
534,,
535,,
535,,
536,,
536,,
537,,
537,,
537,,
539,,
540,,
541,,
542,,
543,,
543,,
543,,
543,,
543,,
544,,
545,,
546,,
547,,
548,,
548,,
549,,
551,,
552,,
552,,
554,,
555,,
556,,
559,,
560,,
561,,
562,,
563,,
564,,
566,,
567,,
569,,
571,,
572,,
574,,
575,,
577,,
580,,
580,,
582,,
583,,
586,,
589,,
590,,
592,,
595,,
596,,
598,,
599,,
601,,
604,,
605,,
607,,
609,,
610,,
611,,
612,,
612,,
613,,
613,,
613,,
614,,
615,,
615,,
615,,
615,,
615,,
615,,
615,,
615,,
614,,
613,,
612,,
612,,
612,,
612,,
613,,
613,,
613,,
612,,
611,,
611,,
610,,
609,,
608,,
607,,
607,,
606,,
604,,
603,,
601,,
599,,
598,,
597,,
595,,
592,,
590,,
588,,
584,,
582,,
579,,
576,,
572,,
568,,
564,,
559,,
555,,
551,,
547,,
543,,
538,,
533,,
529,,
524,,
520,,
515,,
510,,
504,,
498,,
492,,
486,,
481,,
476,,
472,,
467,,
461,,
455,,
451,,
447,,
442,,
439,,
435,,
431,,
428,,
423,,
419,,
416,,
413,,
409,,
407,,
404,,
401,,
399,,
397,,
396,,
394,,
392,,
391,,
389,,
389,,
388,,
387,,
387,,
387,,
387,,
386,,
386,,
385,,
386,,
386,,
387,,
387,,
388,,
388,,
389,,
391,,
391,,
393,,
393,,
394,,
395,,
397,,
397,,
398,,
398,,
399,,
399,,
400,,
400,,
401,,
402,,
403,,
404,,
406,,
408,,
409,,
409,,
411,,
412,,
414,,
415,,
416,,
417,,
417,,
418,,
419,,
419,,
421,,
421,,
422,,
422,,
423,,
425,,
426,,
427,,
428,,
430,,
430,,
431,,
433,,
433,,
434,,
435,,
437,,
438,,
440,,
441,,
441,,
441,,
443,,
443,,
444,,
445,,
447,,
448,,
449,,
451,,
452,,
453,,
455,,
455,,
456,,
456,,
457,,
458,,
459,,
461,,
462,,
463,,
464,,
465,,
465,,
466,,
466,,
467,,
467,,
468,,
468,,
469,,
470,,
471,,
472,,
473,,
473,,
474,,
475,,
476,,
476,,
478,,
478,,
478,,
478,,
478,,
478,,
479,,
479,,
480,,
481,,
483,,
483,,
484,,
485,,
487,,
489,,
492,,
493,,
493,,
494,,
494,,
494,,
494,,
493,,
492,,
492,,
493,,
494,,
494,,
494,,
494,,
494,,
495,,
496,,
496,,
497,,
498,,
499,,
499,,
499,,
499,,
499,,
499,,
500,,
500,,
499,,
500,,
500,,
501,,
502,,
501,,
502,,
501,,
500,,
500,,
501,,
502,,
502,,
502,,
502,,
503,,
502,,
502,,
502,,
503,,
503,,
503,,
503,,
504,,
504,,
504,,
504,,
504,,
504,,
503,,
503,,
504,,
504,,
504,,
503,,
504,,
504,,
505,,
505,,
505,,
505,,
506,,
506,,
506,,
506,,
507,,
507,,
508,,
508,,
508,,
508,,
507,,
507,,
507,,
506,,
506,,
507,,
507,,
508,,
509,,
508,,
508,,
508,,
507,,
507,,
506,,
505,,
505,,
505,,
504,,
505,,
505,,
505,,
505,,
507,,
508,,
508,,
508,,
509,,
509,,
509,,
508,,
508,,
509,,
511,,
512,,
512,,
512,,
513,,
513,,
514,,
515,,
515,,
515,,
514,,
513,,
514,,
514,,
515,,
516,,
516,,
517,,
517,,
517,,
517,,
516,,
516,,
515,,
514,,
514,,
514,,
515,,
515,,
515,,
515,,
515,,
516,,
516,,
516,,
516,,
516,,
516,,
515,,
514,,
513,,
513,,
515,,
514,,
514,,
514,,
514,,
515,,
516,,
516,,
516,,
516,,
516,,
517,,
519,,
519,,
518,,
518,,
518,,
517,,
516,,
517,,
516,,
516,,
516,,
516,,
517,,
518,,
518,,
518,,
518,,
518,,
517,,
518,,
517,,
516,,
516,,
516,,
516,,
516,,
516,,
516,,
517,,
518,,
518,,
518,,
519,,
519,,
519,,
519,,
518,,
517,,
518,,
519,,
519,,
519,,
519,,
519,,
519,,
519,,
519,,
521,,
522,,
522,,
523,,
523,,
523,,
522,,
521,,
519,,
520,,
521,,
521,,
521,,
521,,
521,,
520,,
520,,
520,,
521,,
521,,
521,,
521,,
521,,
521,,
521,,
521,,
521,,
522,,
522,,
522,,
522,,
522,,
522,,
522,,
523,,
524,,
524,,
524,,
524,,
524,,
524,,
525,,
526,,
524,,
525,,
526,,
525,,
525,,
524,,
523,,
523,,
523,,
521,,
521,,
521,,
521,,
520,,
519,,
520,,
521,,
521,,
522,,
523,,
523,,
523,,
525,,
526,,
526,,
526,,
526,,
525,,
524,,
523,,
522,,
522,,
522,,
522,,
520,,
519,,
518,,
518,,
519,,
519,,
520,,
520,,
521,,
521,,
521,,
522,,
522,,
522,,
523,,
523,,
521,,
520,,
520,,
519,,
516,,
517,,
517,,
517,,
517,,
518,,
518,,
518,,
518,,
519,,
518,,
518,,
518,,
516,,
516,,
515,,
515,,
515,,
515,,
515,,
516,,
518,,
519,,
518,,
517,,
517,,
517,,
517,,
518,,
519,,
519,,
519,,
520,,
521,,
522,,
523,,
524,,
527,,
528,,
529,,
531,,
533,,
535,,
536,,
537,,
539,,
539,,
538,,
537,,
539,,
542,,
545,,
548,,
550,,
551,,
552,,
553,,
555,,
555,,
555,,
554,,
553,,
551,,
550,,
547,,
545,,
543,,
542,,
541,,
540,,
538,,
536,,
534,,
534,,
534,,
533,,
532,,
531,,
531,,
531,,
529,,
527,,
527,,
525,,
524,,
523,,
521,,
518,,
516,,
515,,
515,,
515,,
515,,
513,,
512,,
510,,
509,,
509,,
508,,
508,,
508,,
506,,
505,,
504,,
504,,
504,,
504,,
503,,
503,,
502,,
501,,
501,,
501,,
502,,
502,,
502,,
502,,
501,,
500,,
499,,
498,,
496,,
496,,
496,,
497,,
496,,
497,,
497,,
496,,
497,,
497,,
498,,
499,,
500,,
500,,
499,,
499,,
500,,
500,,
499,,
498,,
498,,
499,,
500,,
501,,
502,,
501,,
501,,
501,,
502,,
501,,
501,,
500,,
501,,
500,,
498,,
495,,
492,,
489,,
487,,
483,,
480,,
480,,
481,,
484,,
487,,
490,,
493,,
496,,
501,,
506,,
513,,
524,,
538,,
556,,
580,,
604,,
630,,
658,,
688,,
720,,
751,,
784,,
818,,
854,,
890,,
925,,
953,,
976,,
998,,
1014,,
1021,,
1022,,
1012,,
978,,
935,,
892,,
850,,
808,,
760,,
707,,
656,,
611,,
571,,
535,,
501,,
470,,
438,,
404,,
371,,
341,,
316,,
299,,
287,,
280,,
278,,
280,,
286,,
293,,
301,,
309,,
318,,
328,,
337,,
347,,
357,,
366,,
373,,
380,,
388,,
395,,
401,,
407,,
413,,
419,,
425,,
432,,
437,,
442,,
445,,
448,,
451,,
454,,
456,,
458,,
460,,
461,,
462,,
462,,
464,,
465,,
467,,
467,,
469,,
471,,
472,,
472,,
474,,
476,,
476,,
476,,
477,,
478,,
478,,
479,,
480,,
480,,
480,,
481,,
481,,
482,,
481,,
482,,
482,,
482,,
482,,
482,,
483,,
484,,
485,,
485,,
486,,
488,,
490,,
491,,
491,,
494,,
495,,
495,,
496,,
496,,
496,,
497,,
497,,
498,,
499,,
499,,
501,,
503,,
503,,
504,,
504,,
504,,
504,,
506,,
508,,
509,,
509,,
511,,
513,,
515,,
517,,
518,,
518,,
518,,
517,,
517,,
517,,
517,,
518,,
519,,
519,,
520,,
520,,
520,,
521,,
522,,
523,,
523,,
523,,
524,,
526,,
527,,
526,,
526,,
526,,
527,,
527,,
527,,
527,,
527,,
527,,
528,,
529,,
529,,
531,,
532,,
533,,
534,,
535,,
536,,
536,,
537,,
537,,
538,,
539,,
539,,
539,,
540,,
542,,
542,,
544,,
545,,
547,,
548,,
549,,
551,,
552,,
552,,
554,,
555,,
556,,
558,,
560,,
562,,
564,,
565,,
568,,
569,,
571,,
572,,
575,,
576,,
577,,
578,,
580,,
581,,
583,,
584,,
585,,
586,,
588,,
588,,
590,,
591,,
593,,
594,,
595,,
596,,
598,,
600,,
601,,
603,,
605,,
607,,
608,,
608,,
610,,
610,,
611,,
611,,
611,,
612,,
614,,
614,,
614,,
614,,
614,,
613,,
614,,
614,,
612,,
612,,
611,,
610,,
609,,
609,,
609,,
609,,
609,,
608,,
608,,
607,,
607,,
607,,
605,,
603,,
601,,
600,,
599,,
597,,
596,,
594,,
592,,
591,,
589,,
586,,
583,,
580,,
577,,
574,,
571,,
568,,
563,,
559,,
554,,
550,,
545,,
540,,
536,,
531,,
527,,
521,,
516,,
511,,
507,,
500,,
495,,
490,,
485,,
480,,
475,,
470,,
465,,
461,,
456,,
453,,
448,,
444,,
439,,
435,,
431,,
427,,
423,,
419,,
417,,
414,,
411,,
408,,
404,,
401,,
399,,
398,,
396,,
395,,
393,,
391,,
390,,
389,,
388,,
387,,
386,,
386,,
386,,
387,,
387,,
386,,
386,,
386,,
386,,
386,,
387,,
387,,
386,,
386,,
387,,
388,,
387,,
388,,
390,,
391,,
392,,
393,,
395,,
396,,
396,,
396,,
397,,
396,,
398,,
399,,
399,,
400,,
402,,
404,,
405,,
406,,
407,,
409,,
411,,
412,,
412,,
413,,
414,,
416,,
417,,
419,,
420,,
420,,
422,,
423,,
423,,
424,,
425,,
426,,
427,,
428,,
430,,
431,,
432,,
433,,
433,,
435,,
436,,
438,,
439,,
440,,
441,,
443,,
444,,
445,,
445,,
446,,
447,,
448,,
450,,
450,,
451,,
452,,
454,,
455,,
455,,
457,,
458,,
458,,
458,,
459,,
460,,
460,,
460,,
460,,
461,,
462,,
464,,
465,,
467,,
468,,
469,,
470,,
471,,
472,,
473,,
474,,
475,,
476,,
476,,
478,,
479,,
479,,
480,,
480,,
480,,
482,,
483,,
483,,
484,,
485,,
485,,
484,,
484,,
484,,
484,,
484,,
486,,
486,,
486,,
485,,
486,,
487,,
487,,
487,,
489,,
489,,
490,,
492,,
493,,
496,,
497,,
496,,
497,,
499,,
501,,
503,,
503,,
503,,
504,,
504,,
504,,
504,,
504,,
504,,
505,,
505,,
505,,
505,,
504,,
503,,
503,,
504,,
504,,
504,,
504,,
504,,
505,,
505,,
505,,
506,,
507,,
506,,
506,,
506,,
506,,
505,,
505,,
505,,
505,,
505,,
504,,
504,,
504,,
505,,
505,,
506,,
505,,
505,,
505,,
505,,
505,,
504,,
505,,
505,,
505,,
506,,
507,,
507,,
507,,
507,,
508,,
508,,
508,,
508,,
508,,
508,,
508,,
508,,
508,,
508,,
508,,
508,,
508,,
508,,
508,,
508,,
508,,
508,,
508,,
508,,
508,,
508,,
509,,
509,,
509,,
510,,
510,,
510,,
511,,
511,,
512,,
512,,
513,,
512,,
512,,
512,,
512,,
512,,
512,,
512,,
512,,
512,,
512,,
511,,
511,,
511,,
511,,
511,,
510,,
511,,
512,,
512,,
513,,
513,,
515,,
514,,
515,,
515,,
515,,
515,,
515,,
515,,
515,,
514,,
515,,
514,,
513,,
514,,
513,,
514,,
515,,
516,,
516,,
516,,
516,,
517,,
517,,
517,,
517,,
517,,
517,,
517,,
517,,
518,,
518,,
518,,
519,,
519,,
520,,
519,,
519,,
519,,
519,,
520,,
520,,
521,,
521,,
521,,
521,,
522,,
522,,
521,,
521,,
521,,
521,,
521,,
521,,
521,,
521,,
520,,
520,,
522,,
523,,
523,,
523,,
523,,
523,,
523,,
523,,
523,,
522,,
523,,
524,,
525,,
525,,
525,,
526,,
526,,
526,,
525,,
525,,
525,,
525,,
524,,
524,,
525,,
525,,
525,,
525,,
525,,
525,,
524,,
524,,
523,,
524,,
524,,
523,,
523,,
523,,
523,,
523,,
523,,
524,,
523,,
523,,
523,,
523,,
523,,
523,,
523,,
523,,
522,,
522,,
522,,
521,,
521,,
522,,
523,,
523,,
523,,
523,,
523,,
523,,
524,,
524,,
524,,
524,,
523,,
524,,
524,,
524,,
524,,
524,,
524,,
524,,
524,,
523,,
523,,
523,,
523,,
522,,
522,,
523,,
523,,
523,,
524,,
524,,
524,,
524,,
523,,
523,,
523,,
523,,
523,,
523,,
524,,
524,,
524,,
524,,
525,,
524,,
524,,
524,,
525,,
526,,
527,,
529,,
531,,
531,,
532,,
535,,
537,,
540,,
542,,
545,,
547,,
548,,
549,,
550,,
551,,
552,,
553,,
554,,
554,,
554,,
554,,
553,,
552,,
550,,
548,,
546,,
544,,
544,,
545,,
546,,
548,,
551,,
553,,
555,,
555,,
556,,
557,,
558,,
557,,
556,,
555,,
552,,
551,,
548,,
546,,
543,,
541,,
539,,
536,,
535,,
532,,
529,,
527,,
526,,
526,,
525,,
524,,
524,,
523,,
523,,
522,,
521,,
520,,
519,,
518,,
517,,
517,,
516,,
516,,
516,,
516,,
515,,
513,,
512,,
510,,
509,,
509,,
509,,
508,,
507,,
507,,
506,,
506,,
504,,
503,,
503,,
503,,
503,,
503,,
503,,
502,,
501,,
501,,
500,,
500,,
500,,
500,,
500,,
500,,
500,,
499,,
499,,
500,,
500,,
501,,
502,,
502,,
503,,
503,,
504,,
504,,
504,,
504,,
504,,
504,,
504,,
505,,
505,,
505,,
506,,
506,,
506,,
507,,
507,,
507,,
507,,
508,,
508,,
508,,
508,,
507,,
506,,
506,,
503,,
500,,
497,,
495,,
492,,
491,,
491,,
492,,
495,,
498,,
500,,
503,,
506,,
510,,
515,,
523,,
536,,
553,,
573,,
596,,
621,,
647,,
676,,
706,,
736,,
767,,
800,,
833,,
869,,
905,,
939,,
967,,
990,,
1009,,
1020,,
1022,,
1022,,
1008,,
969,,
926,,
880,,
836,,
793,,
742,,
688,,
639,,
595,,
555,,
517,,
483,,
451,,
419,,
388,,
355,,
326,,
304,,
289,,
281,,
277,,
278,,
284,,
292,,
301,,
309,,
319,,
328,,
338,,
348,,
357,,
365,,
374,,
382,,
389,,
396,,
402,,
408,,
414,,
419,,
424,,
431,,
436,,
440,,
444,,
447,,
450,,
453,,
455,,
458,,
460,,
462,,
463,,
463,,
464,,
466,,
467,,
468,,
470,,
471,,
472,,
473,,
474,,
474,,
474,,
475,,
476,,
476,,
479,,
479,,
480,,
480,,
480,,
480,,
480,,
482,,
483,,
483,,
484,,
485,,
486,,
487,,
487,,
488,,
489,,
490,,
491,,
492,,
494,,
495,,
496,,
497,,
497,,
498,,
498,,
499,,
499,,
499,,
499,,
500,,
500,,
501,,
502,,
503,,
503,,
503,,
504,,
504,,
507,,
507,,
508,,
507,,
506,,
506,,
507,,
507,,
508,,
509,,
510,,
511,,
512,,
513,,
513,,
514,,
514,,
515,,
516,,
516,,
517,,
518,,
519,,
520,,
520,,
520,,
520,,
521,,
522,,
523,,
524,,
524,,
525,,
526,,
527,,
526,,
527,,
527,,
528,,
529,,
530,,
530,,
531,,
532,,
534,,
535,,
536,,
536,,
538,,
538,,
539,,
540,,
541,,
542,,
543,,
545,,
547,,
549,,
551,,
552,,
553,,
554,,
556,,
557,,
558,,
559,,
561,,
562,,
563,,
564,,
564,,
566,,
567,,
568,,
569,,
570,,
571,,
572,,
574,,
575,,
576,,
578,,
579,,
579,,
580,,
583,,
584,,
585,,
587,,
590,,
592,,
594,,
595,,
596,,
598,,
600,,
602,,
602,,
603,,
603,,
603,,
604,,
606,,
607,,
607,,
608,,
609,,
609,,
610,,
611,,
612,,
612,,
614,,
615,,
615,,
615,,
614,,
614,,
614,,
614,,
614,,
614,,
614,,
614,,
612,,
612,,
611,,
610,,
609,,
609,,
609,,
608,,
608,,
607,,
606,,
606,,
604,,
603,,
602,,
599,,
598,,
596,,
595,,
592,,
589,,
586,,
583,,
579,,
575,,
572,,
568,,
563,,
559,,
556,,
551,,
546,,
541,,
535,,
530,,
524,,
519,,
513,,
508,,
503,,
497,,
492,,
487,,
482,,
477,,
471,,
466,,
462,,
456,,
452,,
448,,
444,,
440,,
435,,
432,,
428,,
423,,
419,,
416,,
413,,
409,,
404,,
401,,
398,,
395,,
392,,
389,,
387,,
387,,
386,,
384,,
384,,
383,,
382,,
382,,
381,,
381,,
382,,
381,,
381,,
382,,
383,,
383,,
383,,
383,,
383,,
383,,
384,,
384,,
384,,
384,,
385,,
385,,
386,,
389,,
391,,
391,,
392,,
392,,
393,,
394,,
395,,
396,,
398,,
399,,
400,,
401,,
402,,
403,,
404,,
405,,
407,,
408,,
409,,
409,,
410,,
411,,
412,,
414,,
415,,
416,,
418,,
419,,
420,,
421,,
423,,
424,,
426,,
427,,
428,,
429,,
430,,
432,,
434,,
436,,
437,,
438,,
439,,
440,,
441,,
442,,
443,,
444,,
446,,
447,,
448,,
449,,
449,,
449,,
449,,
450,,
451,,
451,,
452,,
452,,
452,,
453,,
454,,
455,,
456,,
457,,
458,,
459,,
460,,
460,,
461,,
463,,
463,,
464,,
465,,
467,,
467,,
467,,
467,,
468,,
469,,
469,,
470,,
471,,
472,,
472,,
473,,
474,,
476,,
478,,
478,,
478,,
479,,
480,,
480,,
480,,
481,,
481,,
481,,
482,,
482,,
482,,
483,,
483,,
484,,
484,,
485,,
485,,
485,,
486,,
486,,
487,,
487,,
487,,
487,,
488,,
489,,
489,,
488,,
488,,
488,,
489,,
489,,
488,,
488,,
489,,
490,,
491,,
492,,
494,,
495,,
496,,
496,,
496,,
496,,
497,,
498,,
498,,
498,,
498,,
498,,
499,,
499,,
500,,
500,,
500,,
501,,
502,,
503,,
503,,
504,,
504,,
503,,
503,,
503,,
502,,
503,,
504,,
504,,
504,,
505,,
505,,
505,,
504,,
504,,
504,,
504,,
504,,
504,,
504,,
504,,
504,,
505,,
504,,
506,,
507,,
508,,
508,,
508,,
508,,
508,,
508,,
508,,
508,,
508,,
508,,
508,,
508,,
507,,
507,,
507,,
508,,
508,,
508,,
510,,
510,,
511,,
512,,
511,,
511,,
510,,
510,,
511,,
511,,
511,,
511,,
511,,
511,,
512,,
513,,
514,,
513,,
513,,
513,,
513,,
513,,
512,,
512,,
512,,
512,,
512,,
513,,
513,,
513,,
513,,
513,,
513,,
513,,
514,,
513,,
513,,
514,,
514,,
514,,
515,,
514,,
514,,
514,,
515,,
515,,
515,,
516,,
516,,
516,,
517,,
517,,
518,,
518,,
518,,
518,,
518,,
517,,
518,,
518,,
518,,
519,,
518,,
517,,
517,,
516,,
516,,
516,,
515,,
516,,
516,,
516,,
517,,
517,,
517,,
518,,
518,,
518,,
517,,
517,,
518,,
517,,
518,,
518,,
519,,
519,,
519,,
518,,
519,,
519,,
519,,
519,,
519,,
519,,
519,,
520,,
521,,
521,,
521,,
521,,
520,,
520,,
520,,
521,,
521,,
520,,
520,,
520,,
520,,
520,,
520,,
521,,
520,,
519,,
519,,
519,,
519,,
519,,
519,,
518,,
519,,
519,,
518,,
518,,
519,,
519,,
520,,
520,,
519,,
519,,
519,,
519,,
518,,
518,,
519,,
519,,
519,,
519,,
520,,
520,,
520,,
519,,
519,,
519,,
520,,
519,,
518,,
519,,
519,,
519,,
520,,
520,,
522,,
523,,
524,,
526,,
526,,
526,,
527,,
527,,
529,,
531,,
532,,
534,,
535,,
536,,
538,,
539,,
541,,
543,,
545,,
546,,
546,,
547,,
549,,
551,,
553,,
555,,
557,,
559,,
561,,
562,,
562,,
562,,
560,,
559,,
557,,
556,,
553,,
551,,
550,,
550,,
552,,
553,,
553,,
554,,
555,,
556,,
559,,
559,,
559,,
557,,
556,,
556,,
553,,
551,,
550,,
546,,
543,,
542,,
540,,
539,,
538,,
538,,
537,,
536,,
535,,
534,,
532,,
531,,
528,,
525,,
523,,
521,,
519,,
519,,
517,,
515,,
515,,
515,,
513,,
512,,
509,,
506,,
504,,
501,,
499,,
498,,
498,,
499,,
499,,
498,,
497,,
496,,
494,,
492,,
490,,
488,,
487,,
486,,
485,,
485,,
485,,
485,,
486,,
486,,
486,,
486,,
486,,
487,,
487,,
487,,
487,,
488,,
488,,
488,,
488,,
488,,
488,,
488,,
488,,
488,,
489,,
489,,
490,,
490,,
489,,
490,,
491,,
491,,
491,,
491,,
491,,
491,,
491,,
491,,
492,,
492,,
493,,
494,,
496,,
497,,
498,,
498,,
499,,
499,,
500,,
500,,
499,,
498,,
498,,
496,,
494,,
490,,
487,,
485,,
483,,
483,,
483,,
487,,
490,,
493,,
496,,
500,,
505,,
511,,
519,,
531,,
547,,
566,,
587,,
612,,
637,,
665,,
694,,
724,,
754,,
786,,
820,,
854,,
889,,
922,,
951,,
972,,
990,,
1004,,
1014,,
1014,,
995,,
959,,
918,,
876,,
835,,
792,,
743,,
691,,
642,,
597,,
556,,
518,,
484,,
451,,
419,,
384,,
349,,
320,,
300,,
287,,
280,,
278,,
281,,
288,,
297,,
307,,
316,,
325,,
334,,
343,,
352,,
360,,
369,,
377,,
384,,
391,,
397,,
402,,
406,,
411,,
416,,
422,,
427,,
432,,
435,,
438,,
441,,
444,,
446,,
450,,
453,,
455,,
457,,
458,,
460,,
461,,
462,,
463,,
465,,
466,,
467,,
469,,
471,,
472,,
473,,
474,,
475,,
476,,
477,,
478,,
478,,
479,,
479,,
480,,
481,,
482,,
483,,
481,,
482,,
481,,
483,,
483,,
483,,
483,,
484,,
484,,
485,,
486,,
487,,
489,,
488,,
489,,
490,,
490,,
492,,
492,,
492,,
494,,
494,,
495,,
496,,
496,,
497,,
497,,
497,,
498,,
498,,
499,,
499,,
499,,
499,,
499,,
500,,
501,,
502,,
502,,
502,,
502,,
503,,
504,,
505,,
506,,
508,,
509,,
510,,
511,,
512,,
512,,
512,,
512,,
512,,
512,,
514,,
515,,
515,,
516,,
518,,
518,,
518,,
519,,
521,,
522,,
524,,
524,,
524,,
525,,
525,,
526,,
526,,
527,,
527,,
529,,
530,,
531,,
533,,
534,,
535,,
535,,
537,,
539,,
540,,
541,,
541,,
543,,
544,,
544,,
545,,
547,,
547,,
548,,
549,,
550,,
551,,
553,,
556,,
556,,
557,,
559,,
559,,
560,,
561,,
562,,
564,,
566,,
568,,
569,,
570,,
572,,
573,,
575,,
577,,
579,,
580,,
582,,
584,,
586,,
587,,
588,,
590,,
591,,
592,,
593,,
595,,
597,,
599,,
600,,
602,,
604,,
605,,
607,,
608,,
609,,
609,,
611,,
611,,
611,,
611,,
612,,
612,,
613,,
614,,
614,,
615,,
615,,
615,,
616,,
617,,
617,,
618,,
617,,
616,,
616,,
616,,
617,,
617,,
617,,
616,,
616,,
615,,
614,,
612,,
611,,
609,,
608,,
607,,
606,,
604,,
603,,
601,,
600,,
598,,
596,,
593,,
590,,
588,,
584,,
581,,
577,,
572,,
568,,
563,,
558,,
554,,
548,,
544,,
540,,
535,,
530,,
524,,
518,,
513,,
508,,
504,,
498,,
493,,
488,,
483,,
478,,
473,,
467,,
462,,
457,,
453,,
449,,
446,,
442,,
439,,
437,,
433,,
430,,
427,,
423,,
420,,
417,,
415,,
412,,
410,,
407,,
403,,
401,,
399,,
396,,
394,,
391,,
390,,
390,,
389,,
389,,
388,,
389,,
389,,
388,,
388,,
388,,
388,,
389,,
390,,
391,,
391,,
390,,
390,,
391,,
392,,
392,,
391,,
393,,
394,,
396,,
397,,
398,,
399,,
399,,
399,,
400,,
401,,
402,,
403,,
403,,
404,,
407,,
408,,
409,,
411,,
411,,
412,,
414,,
416,,
417,,
419,,
420,,
421,,
423,,
425,,
427,,
427,,
428,,
429,,
430,,
430,,
431,,
432,,
432,,
434,,
435,,
436,,
438,,
439,,
441,,
443,,
444,,
446,,
446,,
447,,
447,,
448,,
449,,
450,,
451,,
451,,
452,,
452,,
454,,
455,,
456,,
457,,
459,,
459,,
460,,
461,,
462,,
463,,
463,,
463,,
463,,
464,,
466,,
467,,
468,,
469,,
470,,
472,,
472,,
473,,
475,,
475,,
476,,
477,,
479,,
480,,
481,,
482,,
483,,
483,,
483,,
483,,
483,,
483,,
484,,
484,,
485,,
485,,
485,,
486,,
486,,
486,,
487,,
486,,
487,,
488,,
488,,
488,,
489,,
490,,
491,,
491,,
491,,
492,,
493,,
493,,
493,,
494,,
495,,
495,,
496,,
496,,
496,,
496,,
497,,
498,,
499,,
500,,
500,,
500,,
500,,
502,,
502,,
502,,
504,,
504,,
505,,
505,,
506,,
506,,
505,,
505,,
505,,
505,,
506,,
506,,
507,,
508,,
508,,
508,,
508,,
509,,
510,,
510,,
510,,
511,,
510,,
509,,
508,,
507,,
507,,
507,,
507,,
507,,
508,,
508,,
508,,
508,,
509,,
509,,
509,,
508,,
508,,
508,,
509,,
509,,
510,,
510,,
511,,
511,,
511,,
511,,
511,,
511,,
511,,
512,,
512,,
512,,
511,,
511,,
511,,
511,,
511,,
511,,
512,,
511,,
511,,
510,,
510,,
509,,
509,,
509,,
510,,
510,,
509,,
509,,
509,,
509,,
509,,
510,,
510,,
511,,
511,,
512,,
512,,
511,,
512,,
512,,
512,,
513,,
513,,
513,,
513,,
513,,
513,,
513,,
514,,
515,,
515,,
515,,
514,,
513,,
513,,
514,,
515,,
514,,
514,,
514,,
515,,
515,,
514,,
514,,
513,,
513,,
514,,
514,,
514,,
513,,
514,,
514,,
514,,
515,,
515,,
515,,
516,,
516,,
516,,
516,,
515,,
517,,
518,,
519,,
519,,
519,,
519,,
519,,
519,,
519,,
519,,
518,,
517,,
516,,
516,,
517,,
518,,
519,,
519,,
519,,
520,,
521,,
522,,
524,,
524,,
524,,
525,,
526,,
526,,
525,,
524,,
524,,
523,,
523,,
522,,
521,,
521,,
520,,
521,,
521,,
520,,
521,,
521,,
521,,
521,,
521,,
523,,
523,,
523,,
524,,
524,,
524,,
524,,
523,,
523,,
523,,
523,,
523,,
523,,
523,,
523,,
523,,
523,,
524,,
524,,
524,,
524,,
524,,
524,,
524,,
524,,
524,,
525,,
525,,
525,,
525,,
525,,
524,,
525,,
525,,
525,,
526,,
525,,
526,,
526,,
526,,
527,,
526,,
526,,
527,,
527,,
527,,
527,,
527,,
527,,
526,,
526,,
526,,
525,,
524,,
524,,
524,,
524,,
525,,
526,,
527,,
527,,
529,,
531,,
531,,
534,,
536,,
537,,
538,,
540,,
541,,
543,,
543,,
545,,
546,,
548,,
550,,
553,,
555,,
557,,
558,,
559,,
561,,
564,,
567,,
569,,
572,,
573,,
573,,
573,,
573,,
572,,
570,,
568,,
565,,
563,,
563,,
565,,
567,,
569,,
570,,
572,,
573,,
573,,
573,,
572,,
572,,
571,,
570,,
568,,
566,,
566,,
563,,
561,,
560,,
557,,
555,,
553,,
551,,
550,,
548,,
548,,
547,,
546,,
544,,
542,,
540,,
537,,
535,,
532,,
531,,
529,,
528,,
526,,
525,,
524,,
523,,
521,,
519,,
515,,
513,,
511,,
510,,
508,,
507,,
507,,
506,,
505,,
504,,
504,,
503,,
501,,
500,,
500,,
499,,
497,,
497,,
496,,
496,,
494,,
493,,
493,,
492,,
492,,
492,,
492,,
492,,
492,,
492,,
491,,
492,,
492,,
492,,
492,,
492,,
492,,
492,,
492,,
492,,
491,,
490,,
491,,
491,,
492,,
492,,
492,,
494,,
494,,
494,,
494,,
494,,
495,,
495,,
495,,
495,,
495,,
497,,
497,,
498,,
499,,
499,,
499,,
499,,
499,,
499,,
498,,
497,,
495,,
494,,
490,,
487,,
485,,
481,,
480,,
479,,
480,,
482,,
486,,
489,,
492,,
496,,
501,,
506,,
515,,
529,,
547,,
567,,
590,,
616,,
642,,
671,,
701,,
730,,
762,,
796,,
829,,
865,,
901,,
932,,
956,,
975,,
992,,
1004,,
1012,,
1005,,
979,,
941,,
899,,
858,,
818,,
774,,
723,,
672,,
625,,
582,,
542,,
506,,
473,,
441,,
407,,
372,,
338,,
311,,
292,,
281,,
276,,
277,,
281,,
290,,
299,,
307,,
315,,
324,,
333,,
342,,
350,,
358,,
366,,
375,,
383,,
389,,
396,,
402,,
407,,
413,,
419,,
425,,
432,,
437,,
441,,
446,,
449,,
452,,
454,,
455,,
456,,
457,,
459,,
461,,
462,,
463,,
465,,
465,,
467,,
467,,
468,,
469,,
469,,
471,,
471,,
471,,
471,,
471,,
473,,
475,,
476,,
478,,
479,,
480,,
481,,
481,,
483,,
485,,
487,,
487,,
487,,
488,,
489,,
489,,
490,,
491,,
492,,
493,,
494,,
493,,
493,,
493,,
493,,
493,,
494,,
495,,
496,,
497,,
497,,
498,,
499,,
500,,
501,,
502,,
502,,
503,,
504,,
505,,
506,,
507,,
507,,
507,,
507,,
508,,
508,,
508,,
510,,
510,,
509,,
510,,
510,,
509,,
510,,
510,,
510,,
511,,
512,,
512,,
513,,
514,,
515,,
515,,
518,,
519,,
519,,
520,,
521,,
521,,
523,,
523,,
524,,
525,,
526,,
526,,
526,,
525,,
526,,
525,,
524,,
524,,
524,,
524,,
525,,
526,,
527,,
528,,
530,,
531,,
532,,
535,,
536,,
538,,
540,,
541,,
543,,
544,,
545,,
547,,
548,,
548,,
549,,
550,,
551,,
552,,
553,,
554,,
555,,
556,,
557,,
557,,
558,,
559,,
561,,
563,,
565,,
567,,
569,,
571,,
573,,
574,,
576,,
579,,
579,,
582,,
584,,
585,,
588,,
588,,
590,,
591,,
592,,
594,,
595,,
598,,
598,,
600,,
601,,
601,,
603,,
604,,
604,,
605,,
607,,
607,,
607,,
608,,
609,,
610,,
611,,
612,,
612,,
612,,
613,,
613,,
613,,
613,,
614,,
613,,
614,,
613,,
613,,
612,,
612,,
611,,
611,,
609,,
608,,
609,,
609,,
608,,
608,,
607,,
605,,
604,,
603,,
600,,
599,,
597,,
595,,
593,,
591,,
589,,
586,,
583,,
580,,
577,,
575,,
571,,
567,,
563,,
559,,
555,,
550,,
546,,
542,,
536,,
531,,
526,,
521,,
517,,
512,,
507,,
502,,
496,,
491,,
485,,
479,,
474,,
468,,
463,,
458,,
454,,
449,,
446,,
442,,
438,,
435,,
431,,
427,,
423,,
420,,
416,,
414,,
412,,
409,,
408,,
406,,
403,,
401,,
399,,
398,,
396,,
395,,
394,,
392,,
391,,
389,,
388,,
388,,
387,,
386,,
387,,
387,,
387,,
387,,
387,,
388,,
388,,
389,,
389,,
389,,
389,,
390,,
391,,
391,,
393,,
394,,
395,,
396,,
396,,
397,,
398,,
399,,
399,,
400,,
401,,
402,,
403,,
404,,
406,,
408,,
410,,
411,,
413,,
414,,
415,,
415,,
416,,
416,,
417,,
418,,
419,,
420,,
421,,
421,,
423,,
425,,
426,,
428,,
428,,
429,,
431,,
432,,
433,,
435,,
437,,
440,,
441,,
442,,
443,,
444,,
446,,
446,,
447,,
448,,
449,,
449,,
450,,
451,,
452,,
453,,
454,,
455,,
456,,
457,,
457,,
458,,
459,,
461,,
462,,
462,,
463,,
463,,
464,,
465,,
466,,
467,,
469,,
470,,
471,,
471,,
471,,
472,,
474,,
475,,
476,,
477,,
478,,
478,,
479,,
480,,
480,,
480,,
480,,
480,,
480,,
480,,
480,,
480,,
481,,
481,,
481,,
481,,
483,,
483,,
484,,
484,,
484,,
484,,
484,,
485,,
486,,
487,,
487,,
488,,
488,,
489,,
489,,
490,,
492,,
493,,
494,,
494,,
494,,
494,,
494,,
496,,
495,,
495,,
496,,
495,,
496,,
496,,
496,,
496,,
496,,
496,,
497,,
498,,
497,,
497,,
499,,
498,,
497,,
497,,
497,,
498,,
499,,
499,,
499,,
497,,
498,,
499,,
499,,
499,,
499,,
501,,
501,,
501,,
502,,
500,,
500,,
501,,
501,,
502,,
502,,
503,,
503,,
503,,
504,,
504,,
505,,
505,,
505,,
505,,
505,,
505,,
506,,
507,,
506,,
506,,
507,,
507,,
508,,
509,,
509,,
510,,
509,,
510,,
510,,
509,,
509,,
508,,
508,,
508,,
508,,
508,,
508,,
508,,
509,,
509,,
509,,
510,,
511,,
511,,
510,,
511,,
511,,
512,,
511,,
511,,
511,,
512,,
513,,
513,,
512,,
512,,
511,,
511,,
511,,
510,,
511,,
511,,
511,,
511,,
511,,
512,,
512,,
512,,
513,,
513,,
515,,
515,,
515,,
516,,
517,,
519,,
521,,
522,,
523,,
523,,
523,,
523,,
523,,
522,,
521,,
521,,
521,,
520,,
520,,
519,,
519,,
519,,
520,,
520,,
520,,
520,,
520,,
521,,
520,,
521,,
522,,
521,,
522,,
522,,
523,,
523,,
523,,
523,,
524,,
523,,
523,,
522,,
521,,
522,,
523,,
523,,
523,,
523,,
523,,
523,,
524,,
524,,
524,,
524,,
525,,
525,,
525,,
525,,
525,,
524,,
524,,
525,,
524,,
524,,
524,,
524,,
524,,
524,,
525,,
526,,
526,,
525,,
525,,
525,,
524,,
525,,
524,,
524,,
524,,
524,,
524,,
524,,
524,,
524,,
522,,
523,,
522,,
523,,
523,,
523,,
523,,
522,,
522,,
521,,
520,,
521,,
521,,
521,,
521,,
521,,
520,,
519,,
520,,
521,,
521,,
521,,
522,,
523,,
522,,
521,,
521,,
521,,
522,,
521,,
521,,
521,,
521,,
520,,
520,,
520,,
521,,
521,,
521,,
520,,
520,,
521,,
521,,
520,,
519,,
519,,
520,,
519,,
519,,
519,,
519,,
519,,
519,,
519,,
519,,
518,,
518,,
517,,
518,,
518,,
517,,
517,,
517,,
518,,
519,,
518,,
518,,
518,,
518,,
519,,
519,,
519,,
520,,
520,,
520,,
521,,
522,,
524,,
525,,
527,,
528,,
530,,
531,,
533,,
535,,
537,,
540,,
541,,
543,,
544,,
545,,
547,,
549,,
550,,
551,,
554,,
557,,
558,,
559,,
561,,
560,,
559,,
559,,
558,,
556,,
554,,
553,,
552,,
553,,
553,,
554,,
555,,
556,,
557,,
558,,
558,,
559,,
559,,
559,,
558,,
556,,
554,,
551,,
548,,
547,,
545,,
543,,
541,,
540,,
538,,
537,,
537,,
536,,
535,,
533,,
532,,
531,,
529,,
527,,
524,,
~
~
~
~
~
~
~
~
~
~
~
~
~
~
~
~
~
~
~
~
~
~
~
~
~
~
~
~
~
~
~
~
~
~
~
~
~
~
~
~
~
~
~
~
~
~
~
~
~
~
"1233_1.csv" 0L, 0C
